reviewId,userName,userImage,content,score,thumbsUpCount,reviewCreatedVersion,at,replyContent,repliedAt,appVersion
aa0ea868-0919-4936-b58a-8e0b262d2d21,Pengguna Google,https://play-lh.googleusercontent.com/EGemoI2NTXmTsBVtJqk8jxF9rh8ApRWfsIMQSt2uE4OcpQqbFu7f7NbTK05lx80nuSijCz7sc3a277R67g,transportasi sih oke but Food noway lebih mahal dibanding yg lain,5,0,5.28.2,2025-09-27 10:05:06,,,5.28.2
2fe8ac9f-9c47-4342-9d10-83c0a559cb6b,Pengguna Google,https://play-lh.googleusercontent.com/EGemoI2NTXmTsBVtJqk8jxF9rh8ApRWfsIMQSt2uE4OcpQqbFu7f7NbTK05lx80nuSijCz7sc3a277R67g,ramah di bnding sebelah kwkwkw,5,0,,2025-09-19 09:31:10,,,
45805d39-ddcf-4566-9508-830a746f5874,Pengguna Google,https://play-lh.googleusercontent.com/EGemoI2NTXmTsBVtJqk8jxF9rh8ApRWfsIMQSt2uE4OcpQqbFu7f7NbTK05lx80nuSijCz7sc3a277R67g,josjis,5,0,5.31.2,2025-09-19 09:26:44,,,5.31.2
b5a9a303-9610-4e50-951d-73ae00f7ff1c,Pengguna Google,https://play-lh.googleusercontent.com/EGemoI2NTXmTsBVtJqk8jxF9rh8ApRWfsIMQSt2uE4OcpQqbFu7f7NbTK05lx80nuSijCz7sc3a277R67g,Aplikasi jelek setiap udah pesan pasti telat telat Mulu heran sama aplikasi ini!!!!!!!!!!!!!!!!,1,0,5.33.1,2025-09-27 09:15:27,Hai Kak Eremika, mohon maaf atas ketidaknyamanannya. Agar dapat dibantu lebih lanjut, silakan laporkan melalui menu Bantuan (pada menu Profil Saya) di aplikasi Gojek dengan mengetik """"Driver menjemput terlalu lama"""" pada kolom pencarian. Semoga informasi ini membantu kamu. ^Miko"",2025-09-27 10:35:41,5.33.1"
d0f28cad-cfb2-48fe-9f84-1bb97060e4be,Pengguna Google,https://play-lh.googleusercontent.com/EGemoI2NTXmTsBVtJqk8jxF9rh8ApRWfsIMQSt2uE4OcpQqbFu7f7NbTK05lx80nuSijCz7sc3a277R67g,Tolong Argo Driver disesuaikan jangan di makan aplikasi mulu.kasian Driver argo 27000 masuk driver 18000.Udah kaya Rentenir Gojek,5,0,5.32.1,2025-09-27 09:07:02,,,5.32.1"
78946e6f-5bc8-4587-8a3c-fe6a978eea14,Pengguna Google,https://play-lh.googleusercontent.com/EGemoI2NTXmTsBVtJqk8jxF9rh8ApRWfsIMQSt2uE4OcpQqbFu7f7NbTK05lx80nuSijCz7sc3a277R67g,sangat membantu dalam setiap perjalanan,5,0,,2025-09-27 08:37:26,,,
cb7af0b0-29db-4b82-bdda-d4c0bae8dcfe,Pengguna Google,https://play-lh.googleusercontent.com/EGemoI2NTXmTsBVtJqk8jxF9rh8ApRWfsIMQSt2uE4OcpQqbFu7f7NbTK05lx80nuSijCz7sc3a277R67g,Ok,5,1,5.32.1,2025-09-27 08:37:08,,,5.32.1
3e2eb1e7-c78d-40d7-bc17-92106ed5df35,Pengguna Google,https://play-lh.googleusercontent.com/EGemoI2NTXmTsBVtJqk8jxF9rh8ApRWfsIMQSt2uE4OcpQqbFu7f7NbTK05lx80nuSijCz7sc3a277R67g,TOLONG! ini hp saya kena bug telfon dr driver yg keliatannya tetap nyambung pdhl udh terputus dan tetap ada notifnya! betah bgt di hp saya. Ada tulisan """"A call is on progress, you can only..."""" pas saya pencet dia gamau kemana-mana. Ini ngaruh ke volume saya yg default, jadi pas tkn volume, yg naik turun cuma volume panggilan doang! gak ada menu nada dering, telepon, dll. Walaupun emg bisa diatur sendiri di pengaturan, tapi kan ribet dong tiap mau kerasin volume jadi hrs ke pengaturan dulu!!!"",1,1,5.32.1,2025-09-27 08:16:37,""Hai Kak Sapto, mohon maaf atas kendalanya. Pastikan kamu sudah menggunakan aplikasi Gojek versi terbaru, ya. Jika masih berkendala, silakan laporkan melalui halaman Bantuan > ketik """"Kendala tampilan dan notifikasi"""" di kolom pencarian > pilih artikel dan lengkapi formulirnya. Kami siap membantu. ^Miko"",2025-09-27 10:31:57,5.32.1"
4eac33f0-ae1e-4309-9ab9-b57f464298bd,Pengguna Google,https://play-lh.googleusercontent.com/EGemoI2NTXmTsBVtJqk8jxF9rh8ApRWfsIMQSt2uE4OcpQqbFu7f7NbTK05lx80nuSijCz7sc3a277R67g,bagus,5,0,5.33.1,2025-09-27 08:15:16,,,5.33.1
4f26ee5e-3b8d-486a-ade7-2c103b3d0360,Pengguna Google,https://play-lh.googleusercontent.com/EGemoI2NTXmTsBVtJqk8jxF9rh8ApRWfsIMQSt2uE4OcpQqbFu7f7NbTK05lx80nuSijCz7sc3a277R67g,mantap.... gampang kemana mana. gampang cari makanan dan jajanan. gampang nganter paket. jd gampang semua,5,0,5.33.1,2025-09-27 08:13:50,,,5.33.1
0876401e-72a4-432f-bc79-fd6550755405,Pengguna Google,https://play-lh.googleusercontent.com/EGemoI2NTXmTsBVtJqk8jxF9rh8ApRWfsIMQSt2uE4OcpQqbFu7f7NbTK05lx80nuSijCz7sc3a277R67g,kenapa fitur chat ilang? ini komunikasi nya gimana?,1,1,5.33.1,2025-09-27 08:09:18,""Hai Kak Lucky, mohon maaf atas kendalanya. Pastikan kamu sudah menggunakan aplikasi Gojek versi terbaru, ya. Jika masih berkendala, silakan laporkan melalui halaman Bantuan > ketik """"Kendala tampilan dan notifikasi"""" di kolom pencarian > pilih artikel dan lengkapi formulirnya. Kami siap membantu. ^Miko"",2025-09-27 10:30:03,5.33.1"
9fa22c4a-cba3-445a-b38a-e988af555cd3,Pengguna Google,https://play-lh.googleusercontent.com/EGemoI2NTXmTsBVtJqk8jxF9rh8ApRWfsIMQSt2uE4OcpQqbFu7f7NbTK05lx80nuSijCz7sc3a277R67g,cs gercep,5,0,,2025-09-27 07:47:34,,,
08d7eb95-e297-45db-9719-9d1c32b0ab2c,Pengguna Google,https://play-lh.googleusercontent.com/EGemoI2NTXmTsBVtJqk8jxF9rh8ApRWfsIMQSt2uE4OcpQqbFu7f7NbTK05lx80nuSijCz7sc3a277R67g,boss,5,0,5.33.1,2025-09-27 07:44:54,,,5.33.1
c729ac3f-d54f-4e31-996b-1b16a27ed471,Pengguna Google,https://play-lh.googleusercontent.com/EGemoI2NTXmTsBVtJqk8jxF9rh8ApRWfsIMQSt2uE4OcpQqbFu7f7NbTK05lx80nuSijCz7sc3a277R67g,""Chat CS belum chat udah ditutup aja chatnya tolol, , , udah langganan plus eh percuma kalau voucher potongan yg lain gk dapat, , , gk sampai 1 bulan langganan plus gk guna, potongan ongkir bener ilang pakai plus tapi potongan buat pesen makanan pada ilang gk ada voucher promo potongan lagi, , , ya sama aja bohong kalau plus buat ngilangin ongkir tapi gk dapet promo lainnya, mending gk langganan dapet promo banyak potongan , ,"",1,1,5.32.1,2025-09-27 07:34:05,""Hai Kak Achmad, mohon maaf atas ketidaknyamanannya. Jika masih mengalami keluhan, silakan laporkan melalui email ke customerservice@gojek.com dengan melampirkan kode psr-25-270-1025-52370 pada subject email dan cantumkan nomor laporan sebelumnya serta ceritakan kembali detail permasalahannya. Kami tunggu detail laporan kamu ya. ^Miko"",2025-09-27 10:26:28,5.32.1"
91821822-1c58-4912-a7da-eb94b9f57257,Pengguna Google,https://play-lh.googleusercontent.com/EGemoI2NTXmTsBVtJqk8jxF9rh8ApRWfsIMQSt2uE4OcpQqbFu7f7NbTK05lx80nuSijCz7sc3a277R67g,lebih praktis,5,0,5.33.1,2025-09-27 07:25:10,,,5.33.1
cdbec11f-98ef-4210-94a5-64dea185c98a,Pengguna Google,https://play-lh.googleusercontent.com/EGemoI2NTXmTsBVtJqk8jxF9rh8ApRWfsIMQSt2uE4OcpQqbFu7f7NbTK05lx80nuSijCz7sc3a277R67g,good,5,0,5.31.2,2025-09-27 07:12:36,,,5.31.2
acceee94-4771-49f3-bdfe-1ce40a45e385,Pengguna Google,https://play-lh.googleusercontent.com/EGemoI2NTXmTsBVtJqk8jxF9rh8ApRWfsIMQSt2uE4OcpQqbFu7f7NbTK05lx80nuSijCz7sc3a277R67g,nice,5,0,5.32.1,2025-09-27 07:07:30,,,5.32.1
4c7cc4e2-b89c-4c46-97de-035adfe39384,Pengguna Google,https://play-lh.googleusercontent.com/EGemoI2NTXmTsBVtJqk8jxF9rh8ApRWfsIMQSt2uE4OcpQqbFu7f7NbTK05lx80nuSijCz7sc3a277R67g,mantap,5,0,5.33.1,2025-09-27 07:00:05,,,5.33.1
c89e9e5b-4b55-43dc-840e-bd6533cc8897,Pengguna Google,https://play-lh.googleusercontent.com/EGemoI2NTXmTsBVtJqk8jxF9rh8ApRWfsIMQSt2uE4OcpQqbFu7f7NbTK05lx80nuSijCz7sc3a277R67g,""hapus aja limit paylater saya percuma ada juga,ga bisa di gunakan"",2,1,5.33.1,2025-09-27 06:57:29,""Hai Kak, mohon maaf atas ketidaknyamanan yang kamu alami terkait GoPay Later. Agar masalahnya dapat segera kami bantu, silakan ceritakan lebih lanjut kepada kami melalui email ke support@mab.co.id dan cantumkan kode psr-25-270-1022-58644 di subjek email, ya. ^Miko"",2025-09-27 10:23:12,5.33.1"
77fdc254-e42e-4418-a2fc-6f3f3fdd158f,Pengguna Google,https://play-lh.googleusercontent.com/EGemoI2NTXmTsBVtJqk8jxF9rh8ApRWfsIMQSt2uE4OcpQqbFu7f7NbTK05lx80nuSijCz7sc3a277R67g,L app! ditanya mau mamam apaaaa? makan resto????? udh ketik menu knp gak MUNCUL MENUNYA AJAAA! NOT HELPING AT ALL! GRAB NOH! LANGSUNG ADA SUGGESTIONS TO MENU!,1,1,5.33.1,2025-09-27 06:50:12,""Hai Kak @Kads, mohon maaf atas kendalanya. Pastikan kamu sudah menggunakan aplikasi Gojek versi terbaru, ya. Jika masih berkendala, silakan laporkan melalui halaman Bantuan > ketik """"Kendala tampilan dan notifikasi"""" di kolom pencarian > pilih artikel dan lengkapi formulirnya. Kami siap membantu. ^Miko"",2025-09-27 10:21:05,5.33.1"
9b1e3427-5ddd-4b7f-a7fd-8bb2c2ef6b9f,Pengguna Google,https://play-lh.googleusercontent.com/EGemoI2NTXmTsBVtJqk8jxF9rh8ApRWfsIMQSt2uE4OcpQqbFu7f7NbTK05lx80nuSijCz7sc3a277R67g,mantap..lokasi tidak lari lagi...,5,0,5.33.1,2025-09-27 06:47:59,,,5.33.1
a16585e9-0987-456f-b01f-72d97ab391dc,Pengguna Google,https://play-lh.googleusercontent.com/EGemoI2NTXmTsBVtJqk8jxF9rh8ApRWfsIMQSt2uE4OcpQqbFu7f7NbTK05lx80nuSijCz7sc3a277R67g,Cukup membantu hingga saat ini.,4,0,5.30.1,2025-09-27 06:45:51,,,5.30.1
af75ca02-a36e-4fad-b778-3da71925395a,Pengguna Google,https://play-lh.googleusercontent.com/EGemoI2NTXmTsBVtJqk8jxF9rh8ApRWfsIMQSt2uE4OcpQqbFu7f7NbTK05lx80nuSijCz7sc3a277R67g,Sekalinya erorr menyebalkan dan memuakkan,5,1,5.33.1,2025-09-27 06:44:25,""Hai Kak Yuci, mohon maaf atas kendalanya. Pastikan kamu sudah menggunakan aplikasi Gojek versi terbaru, ya. Jika masih berkendala, silakan laporkan melalui halaman Bantuan > ketik """"Kendala tampilan dan notifikasi"""" di kolom pencarian > pilih artikel dan lengkapi formulirnya. Kami siap membantu. ^Miko"",2025-02-26 23:28:07,5.33.1"
a76a4a82-a9d9-4959-bec9-77a424a28650,Pengguna Google,https://play-lh.googleusercontent.com/EGemoI2NTXmTsBVtJqk8jxF9rh8ApRWfsIMQSt2uE4OcpQqbFu7f7NbTK05lx80nuSijCz7sc3a277R67g,aplikasi mudah digunakan,5,0,5.18.2,2025-09-27 06:28:47,,,5.18.2
5f182326-da50-49ce-9d78-199f9406ff8f,Pengguna Google,https://play-lh.googleusercontent.com/EGemoI2NTXmTsBVtJqk8jxF9rh8ApRWfsIMQSt2uE4OcpQqbFu7f7NbTK05lx80nuSijCz7sc3a277R67g,tidak bisa batalkan pesanan yg gak sengaja salah pesan,1,1,5.30.1,2025-09-27 06:17:50,""Hai Kak Nur, mohon maaf atas ketidaknyamanannya. Terkait laporanmu, silakan laporkan melalui menu Bantuan (pada menu Profil Saya) di aplikasi Gojek dengan mengetik """"Saya perlu membatalkan pesanan"""" pada kolom pencarian. Semoga informasi ini membantu kamu. ^Miko"",2025-09-27 10:19:15,5.30.1"
ab41692c-a29e-46b2-9a73-23537732c495,Pengguna Google,https://play-lh.googleusercontent.com/EGemoI2NTXmTsBVtJqk8jxF9rh8ApRWfsIMQSt2uE4OcpQqbFu7f7NbTK05lx80nuSijCz7sc3a277R67g,Saran  atau berlakukan.kalau customer nya wanita kasih driver wanita . Kalau customer nya pria kasih driver pria. Biar kalau di cancel driver nya tidak teriak marah marah .rugi waktu dll . Bikin malu di tempat umum .. kalau di ladenin.,1,1,5.33.1,2025-09-27 05:58:25,""Hai Kak Ratu, mohon maaf atas ketidaknyamanannya. Laporan yang kamu sampaikan akan menjadi masukan bagi kami untuk terus meningkatkan kualitas layanan kami ke depannya. Kemudian terkait keluhannya, silakan laporkan melalui menu Bantuan di aplikasi Gojek dengan mengetik """"Driver kurang sopan"""" pada kolom pencarian ya. ^Miko"",2025-09-27 10:16:43,5.33.1"
402301b5-978a-4758-8382-06c2d39a4803,Pengguna Google,https://play-lh.googleusercontent.com/EGemoI2NTXmTsBVtJqk8jxF9rh8ApRWfsIMQSt2uE4OcpQqbFu7f7NbTK05lx80nuSijCz7sc3a277R67g,oke,5,0,5.33.1,2025-09-27 05:39:59,,,5.33.1
b7d192de-0a97-441e-98d6-f80da8e384dd,Pengguna Google,https://play-lh.googleusercontent.com/EGemoI2NTXmTsBVtJqk8jxF9rh8ApRWfsIMQSt2uE4OcpQqbFu7f7NbTK05lx80nuSijCz7sc3a277R67g,mantap,5,0,,2025-09-27 05:21:25,,,
82953c99-92ed-4c62-9663-529724b8afa2,Pengguna Google,https://play-lh.googleusercontent.com/EGemoI2NTXmTsBVtJqk8jxF9rh8ApRWfsIMQSt2uE4OcpQqbFu7f7NbTK05lx80nuSijCz7sc3a277R67g,""fix gw ga bkl pinjem gopinjaman lg dan ga bkl memakai aplikasi gojek ! , telat beberapa hari dilunasin udh ga bisa pinjem lg dong ! males ! pdhl baru pertama kali ajuin gopinjam !"",1,2,5.32.1,2025-09-27 05:17:08,""Hai Kak Riyandha, mohon maaf atas ketidaknyamanan yang kamu alami terkait GoPay Pinjam. Agar masalahnya dapat segera kami bantu, silakan ceritakan lebih lanjut kepada kami melalui email ke support@findaya.com dan cantumkan kode psr-25-270-1014-05502 di subjek email, ya. ^Miko"",2025-09-27 10:14:19,5.32.1"
70e87525-0d08-46bc-b071-474baa8fdee0,Pengguna Google,https://play-lh.googleusercontent.com/EGemoI2NTXmTsBVtJqk8jxF9rh8ApRWfsIMQSt2uE4OcpQqbFu7f7NbTK05lx80nuSijCz7sc3a277R67g,saya dah lunasin pinjaman saya kenapa pengajuan saya ditolak min..,1,1,5.33.1,2025-09-27 05:15:45,""Hai Kak Rosita, mohon maaf atas ketidaknyamanan yang kamu alami terkait GoPay Pinjam. Agar masalahnya dapat segera kami bantu, silakan ceritakan lebih lanjut kepada kami melalui email ke support@findaya.com dan cantumkan kode psr-25-270-1012-23719 di subjek email, ya. ^Miko"",2025-09-27 10:12:39,5.33.1"
a6a1c6e9-95a8-41d1-b92a-575ff4ce60bf,Pengguna Google,https://play-lh.googleusercontent.com/EGemoI2NTXmTsBVtJqk8jxF9rh8ApRWfsIMQSt2uE4OcpQqbFu7f7NbTK05lx80nuSijCz7sc3a277R67g,oke,5,0,5.23.1,2025-09-27 05:03:51,,,5.23.1
d6c984d2-adc3-4aac-99c1-2b782d34c0ec,Pengguna Google,https://play-lh.googleusercontent.com/EGemoI2NTXmTsBVtJqk8jxF9rh8ApRWfsIMQSt2uE4OcpQqbFu7f7NbTK05lx80nuSijCz7sc3a277R67g,promosi mulu lebih2 makan obat. spam muluðŸ˜¡,3,1,5.32.1,2025-09-27 04:59:01,,,5.32.1
a47ec5da-cfea-4923-a1b0-194776f62b86,Pengguna Google,https://play-lh.googleusercontent.com/EGemoI2NTXmTsBVtJqk8jxF9rh8ApRWfsIMQSt2uE4OcpQqbFu7f7NbTK05lx80nuSijCz7sc3a277R67g,sangat membantu semoga Gojek selalu jaya terus dan bisa bermanfaat untuk orang banyak,5,0,,2025-09-27 04:57:09,,,
f3e83470-0463-4fdc-9db5-5c029c7c66c8,Pengguna Google,https://play-lh.googleusercontent.com/EGemoI2NTXmTsBVtJqk8jxF9rh8ApRWfsIMQSt2uE4OcpQqbFu7f7NbTK05lx80nuSijCz7sc3a277R67g,gojek sangat membantu,4,0,5.33.1,2025-09-27 04:53:49,,,5.33.1
e1ffdbe7-7f74-4357-a4ac-2c7963d062d4,Pengguna Google,https://play-lh.googleusercontent.com/EGemoI2NTXmTsBVtJqk8jxF9rh8ApRWfsIMQSt2uE4OcpQqbFu7f7NbTK05lx80nuSijCz7sc3a277R67g,ok,5,0,,2025-09-27 04:45:49,,,
d2c6ac27-5f3c-48a5-86f7-bb3b70c614ec,Pengguna Google,https://play-lh.googleusercontent.com/EGemoI2NTXmTsBVtJqk8jxF9rh8ApRWfsIMQSt2uE4OcpQqbFu7f7NbTK05lx80nuSijCz7sc3a277R67g,""bagus banget, pokonya aku kalo mesen makanan suka pakai gojek terus, apalagi kalo abis pulang sekolah, pasti nggak jauh dari aplikasi gojek deh"",5,0,5.32.1,2025-09-27 04:38:18,,,5.32.1"
91092d90-ac99-4abe-a42c-85810f373026,Pengguna Google,https://play-lh.googleusercontent.com/EGemoI2NTXmTsBVtJqk8jxF9rh8ApRWfsIMQSt2uE4OcpQqbFu7f7NbTK05lx80nuSijCz7sc3a277R67g,mantap promo nya,5,0,5.32.1,2025-09-27 04:37:54,,,5.32.1
c31ada63-2c48-4b75-bf26-500e1738f724,Pengguna Google,https://play-lh.googleusercontent.com/EGemoI2NTXmTsBVtJqk8jxF9rh8ApRWfsIMQSt2uE4OcpQqbFu7f7NbTK05lx80nuSijCz7sc3a277R67g,apaan saldo saya tiba2 di potong gara2 di sambungin ke tiktok,1,1,5.32.1,2025-09-27 04:31:08,""Hai Kak Rafli, mohon maaf atas ketidaknyamanannya. Laporan yang kamu sampaikan akan menjadi masukan bagi kami untuk terus meningkatkan kualitas layanan kami ke depannya. Kemudian terkait keluhan yang kakak alami, silakan laporkan melalui menu Bantuan di aplikasi Gojek agar tim kami bisa bantu cek lebih lanjut ya. ^Miko"",2025-09-27 10:09:11,5.32.1"
5c58fccc-3c40-4cca-873a-8f4322e50a19,Pengguna Google,https://play-lh.googleusercontent.com/EGemoI2NTXmTsBVtJqk8jxF9rh8ApRWfsIMQSt2uE4OcpQqbFu7f7NbTK05lx80nuSijCz7sc3a277R67g,mantap,5,0,,2025-09-27 04:19:42,,,
33f13638-5dc9-4d04-a51f-f0775656cdee,Pengguna Google,https://play-lh.googleusercontent.com/EGemoI2NTXmTsBVtJqk8jxF9rh8ApRWfsIMQSt2uE4OcpQqbFu7f7NbTK05lx80nuSijCz7sc3a277R67g,aneh fitur gosend instan dari tokopedia ko driver bisa membawa lebih dari 1 paket jadi tidak ada prioritas pengiriman,1,1,5.32.1,2025-09-27 04:17:31,,,5.32.1
8d9ec49b-c8b7-49a9-bf42-0f555b820421,Pengguna Google,https://play-lh.googleusercontent.com/EGemoI2NTXmTsBVtJqk8jxF9rh8ApRWfsIMQSt2uE4OcpQqbFu7f7NbTK05lx80nuSijCz7sc3a277R67g,hilangkan slottt,1,1,,2025-09-27 04:10:08,,,
ef00733d-aa59-43a6-a953-cbba125c7c32,Pengguna Google,https://play-lh.googleusercontent.com/EGemoI2NTXmTsBVtJqk8jxF9rh8ApRWfsIMQSt2uE4OcpQqbFu7f7NbTK05lx80nuSijCz7sc3a277R67g,tolong klk sudah ngasih orderan ambil jauh jangan tiba tiba tercancel sistem dengan alasan tidak mendekat ke resto sedangkan saya sudah dijalan menuju resto bahkan sudah dekat di resto itu bukan 1/2x aja begini tapi sering tolong diperbaiki lagi sistem nya ðŸ™,1,1,5.32.1,2025-09-27 04:05:34,""Hai Kak Dandi, mohon maaf atas ketidaknyamanannya. Laporan yang kamu sampaikan akan menjadi masukan bagi kami untuk terus meningkatkan kualitas layanan kami ke depannya. Apabila ada pertanyaan atau keluhan terkait layanan Gojek, silakan laporkan melalui menu Bantuan di aplikasi Gojek agar tim kami bisa bantu cek ya. ^Miko"",2025-09-27 10:07:09,5.32.1"
17399307-4c50-459f-a1d5-da725d9b038a,Pengguna Google,https://play-lh.googleusercontent.com/EGemoI2NTXmTsBVtJqk8jxF9rh8ApRWfsIMQSt2uE4OcpQqbFu7f7NbTK05lx80nuSijCz7sc3a277R67g,apknya bagus tp tolong donk dj banyakin promonya,4,0,,2025-09-27 03:57:56,,,
a95accd1-2e3b-43c8-bd45-f29bb31c67e6,Pengguna Google,https://play-lh.googleusercontent.com/EGemoI2NTXmTsBVtJqk8jxF9rh8ApRWfsIMQSt2uE4OcpQqbFu7f7NbTK05lx80nuSijCz7sc3a277R67g,ok,5,0,5.20.1,2025-09-27 03:47:19,,,5.20.1
86632cf1-20a5-4624-9cb9-58cee19d9e3b,Pengguna Google,https://play-lh.googleusercontent.com/EGemoI2NTXmTsBVtJqk8jxF9rh8ApRWfsIMQSt2uE4OcpQqbFu7f7NbTK05lx80nuSijCz7sc3a277R67g,top markotop,5,0,5.32.1,2025-09-27 03:42:36,,,5.32.1
5a6454a2-7b53-4b54-9850-14f525624b1f,Pengguna Google,https://play-lh.googleusercontent.com/EGemoI2NTXmTsBVtJqk8jxF9rh8ApRWfsIMQSt2uE4OcpQqbFu7f7NbTK05lx80nuSijCz7sc3a277R67g,Apk gojek skrng kalau salah order ga bisa cancel diawal dahal makanan belum disiapin kaya kasih waktu 30 detik jirrr buat orang revisi orderan kalau ga sengaja kepencet,1,1,4.6.2,2025-09-27 03:34:29,""Hai Kak Akira, mohon maaf atas ketidaknyamanannya. Terkait laporanmu, silakan laporkan melalui menu Bantuan (pada menu Profil Saya) di aplikasi Gojek dengan mengetik """"Saya perlu membatalkan pesanan"""" pada kolom pencarian. Semoga informasi ini membantu kamu. ^Miko"",2025-09-27 04:19:10,4.6.2"
f540bd17-ec69-4d29-beb7-c6f59e41107f,Pengguna Google,https://play-lh.googleusercontent.com/EGemoI2NTXmTsBVtJqk8jxF9rh8ApRWfsIMQSt2uE4OcpQqbFu7f7NbTK05lx80nuSijCz7sc3a277R67g,aplikasi yang sangat membantu,5,0,,2025-09-27 03:32:44,,,
ba9b8d86-be28-4ff8-b40f-c0e2a6035865,Pengguna Google,https://play-lh.googleusercontent.com/EGemoI2NTXmTsBVtJqk8jxF9rh8ApRWfsIMQSt2uE4OcpQqbFu7f7NbTK05lx80nuSijCz7sc3a277R67g,""sangat baik dan terpercaya aman,tepat"",5,0,,2025-09-27 03:28:22,,,"
58316e3a-a0eb-458f-8505-63195acef9d8,Pengguna Google,https://play-lh.googleusercontent.com/EGemoI2NTXmTsBVtJqk8jxF9rh8ApRWfsIMQSt2uE4OcpQqbFu7f7NbTK05lx80nuSijCz7sc3a277R67g,""bagus, interaktif,"",5,0,5.33.1,2025-09-27 03:21:55,,,5.33.1"
7a6c6e24-7686-4eca-996b-fbd70f06efd9,Pengguna Google,https://play-lh.googleusercontent.com/EGemoI2NTXmTsBVtJqk8jxF9rh8ApRWfsIMQSt2uE4OcpQqbFu7f7NbTK05lx80nuSijCz7sc3a277R67g,memudahkan tranportasi,5,0,5.23.1,2025-09-27 03:17:37,,,5.23.1
095e60ae-9f67-4f08-bcd4-097e01319197,Pengguna Google,https://play-lh.googleusercontent.com/EGemoI2NTXmTsBVtJqk8jxF9rh8ApRWfsIMQSt2uE4OcpQqbFu7f7NbTK05lx80nuSijCz7sc3a277R67g,bagus,5,0,,2025-09-27 03:15:06,,,
b54bad11-19a4-4741-a4fc-c0ce7609a959,Pengguna Google,https://play-lh.googleusercontent.com/EGemoI2NTXmTsBVtJqk8jxF9rh8ApRWfsIMQSt2uE4OcpQqbFu7f7NbTK05lx80nuSijCz7sc3a277R67g,""aneh pembyan bagus gopltr di block di turunin limit, gopjm ga bs dipake, customer yang loyal tidak di maintance dgn baik"",4,0,5.33.1,2025-09-27 03:10:07,,,5.33.1"
27ce81d4-ad3f-4eb8-8c41-df5127bfa260,Pengguna Google,https://play-lh.googleusercontent.com/EGemoI2NTXmTsBVtJqk8jxF9rh8ApRWfsIMQSt2uE4OcpQqbFu7f7NbTK05lx80nuSijCz7sc3a277R67g,""nyaman, mantap"",5,0,5.32.1,2025-09-27 03:07:22,,,5.32.1"
35c605f5-a74b-48fe-a411-fa9e049a656a,Pengguna Google,https://play-lh.googleusercontent.com/EGemoI2NTXmTsBVtJqk8jxF9rh8ApRWfsIMQSt2uE4OcpQqbFu7f7NbTK05lx80nuSijCz7sc3a277R67g,aplikasi ini berguna,5,1,5.32.1,2025-09-27 03:05:31,,,5.32.1
caefa2e3-2e3a-4681-a4b7-136bb116606a,Pengguna Google,https://play-lh.googleusercontent.com/EGemoI2NTXmTsBVtJqk8jxF9rh8ApRWfsIMQSt2uE4OcpQqbFu7f7NbTK05lx80nuSijCz7sc3a277R67g,Bagus Pelayanan nya ok Maaf Thank's BGT,5,0,5.28.2,2025-09-27 03:03:24,,,5.28.2
43a3f97f-b1e6-4e0e-b0e5-f4fc3cf93b68,Pengguna Google,https://play-lh.googleusercontent.com/EGemoI2NTXmTsBVtJqk8jxF9rh8ApRWfsIMQSt2uE4OcpQqbFu7f7NbTK05lx80nuSijCz7sc3a277R67g,sangat membantu,5,0,,2025-09-27 03:02:45,,,
5babb834-2020-4aea-aac1-eba022e15215,Pengguna Google,https://play-lh.googleusercontent.com/EGemoI2NTXmTsBVtJqk8jxF9rh8ApRWfsIMQSt2uE4OcpQqbFu7f7NbTK05lx80nuSijCz7sc3a277R67g,bagus banget,5,0,,2025-09-27 02:55:40,,,
d1bd3dea-f0d1-49bf-906a-2bc6d0277e25,Pengguna Google,https://play-lh.googleusercontent.com/EGemoI2NTXmTsBVtJqk8jxF9rh8ApRWfsIMQSt2uE4OcpQqbFu7f7NbTK05lx80nuSijCz7sc3a277R67g,Sudah 2 tahun Gopay later gak bisa digunakan lagi tanpa ada alasan yang jelas padahal pembayaran selalu lancar jadi gak minat lagi menggunakan aplikasi ini,1,1,5.33.1,2025-09-27 02:19:46,""Hai Kak Faizal, mohon maaf atas kendala yang kamu alami terkait GoPay Later. Agar masalahnya dapat segera kami bantu, silakan ceritakan lebih lanjut kepada kami melalui email ke support@mab.co.id dan cantumkan kode psr-25-264-0840-52878 di subjek email, ya. ^Melisa"",2025-09-21 08:41:00,5.33.1"
717466c4-8f6e-4ac6-95d9-0778778d1b80,Pengguna Google,https://play-lh.googleusercontent.com/EGemoI2NTXmTsBVtJqk8jxF9rh8ApRWfsIMQSt2uE4OcpQqbFu7f7NbTK05lx80nuSijCz7sc3a277R67g,cukup membantu untuk anak rantau wkwkwk,4,0,5.32.1,2025-09-27 02:07:27,,,5.32.1
f0187c7f-710b-4dd5-83b5-8f2b9eee7bba,Pengguna Google,https://play-lh.googleusercontent.com/EGemoI2NTXmTsBVtJqk8jxF9rh8ApRWfsIMQSt2uE4OcpQqbFu7f7NbTK05lx80nuSijCz7sc3a277R67g,Kenapa?..Sya Belum Bisa Daftar Jdi Mitra Driver Gojek YaðŸ™ðŸ¼ðŸ™‚,4,0,5.33.1,2025-09-27 01:44:35,,,5.33.1
6f8830d2-22f0-4845-8be5-2d510a4c1877,Pengguna Google,https://play-lh.googleusercontent.com/EGemoI2NTXmTsBVtJqk8jxF9rh8ApRWfsIMQSt2uE4OcpQqbFu7f7NbTK05lx80nuSijCz7sc3a277R67g,""goride 12 September 2025 jam 14.35. nama ojol ROHIDIN. PLAT B 6441 EYY. saya pesan goride dari Triti ke LIA Depok. untuk anak saya les. pas sampai rumah untuk jemput anak saya, uang ongkos saya bayarkan ke ROHIDIN ini. AKAN TETAPI BARU PERTENGAHAN JALAN BELUM SAMPAI TITIK TUJUAN YAITU LIA DEPOK, ANAK SAYA DITURUNKAN PAKSA. ROHIDIN INI LANGSUNG SAMA DIA. ANAK SAYA TERIAK TERIAK PANGGIL ROHIDIN INI TAPI TIDAK DIGUBRIS. TERPAKSA ANAK SAYA PESAN OJOL LAGI. MOHON GOJEK BACKLIST ROHIDIN INI. S"",1,1,,2025-09-27 01:44:14,""Hai Kak Oneng, mohon maaf atas ketidaknyamanannya. Laporan yang kamu sampaikan akan menjadi masukan bagi kami untuk terus meningkatkan kualitas layanan kami ke depannya. Kemudian terkait keluhan yang kakak alami, silakan laporkan melalui menu Bantuan di aplikasi Gojek agar tim kami bisa bantu cek lebih lanjut ya. ^Miko"",2025-09-27 03:30:13,"
7ca706a0-b41a-451c-9044-70377af90102,Pengguna Google,https://play-lh.googleusercontent.com/EGemoI2NTXmTsBVtJqk8jxF9rh8ApRWfsIMQSt2uE4OcpQqbFu7f7NbTK05lx80nuSijCz7sc3a277R67g,""menaik kan harga, tidak sesuai aplikasi"",1,1,5.32.1,2025-09-27 01:38:45,""Hai Kak Elisabet, mohon maaf atas ketidaknyamanannya. Jika driver meminta pembayaran lebih di luar harga akhir, laporkan melalui halaman Bantuan (pada menu Profil Saya) di aplikasi Gojek > ketik """"Driver saya meminta pembayaran lebih"""" pada kolom pencarian. Semoga informasi ini membantu ya. ^Miko"",2025-09-27 03:27:43,5.32.1"
287c780b-e053-4467-ad17-ff916a72c752,Pengguna Google,https://play-lh.googleusercontent.com/EGemoI2NTXmTsBVtJqk8jxF9rh8ApRWfsIMQSt2uE4OcpQqbFu7f7NbTK05lx80nuSijCz7sc3a277R67g,Ok,5,0,5.33.1,2025-09-27 01:23:02,,,5.33.1
e5451540-7faa-493e-b2e2-148b86927a3f,Pengguna Google,https://play-lh.googleusercontent.com/EGemoI2NTXmTsBVtJqk8jxF9rh8ApRWfsIMQSt2uE4OcpQqbFu7f7NbTK05lx80nuSijCz7sc3a277R67g,aplikasi yang sangat membantu.,5,0,5.33.1,2025-09-27 01:12:23,,,5.33.1
33c8eb20-62bb-4543-940a-702e02a42a73,Pengguna Google,https://play-lh.googleusercontent.com/EGemoI2NTXmTsBVtJqk8jxF9rh8ApRWfsIMQSt2uE4OcpQqbFu7f7NbTK05lx80nuSijCz7sc3a277R67g,drive-in ojek yg ramah dan nyaman,5,0,,2025-09-27 01:08:18,,,
59864f31-a7ca-463e-a7d5-5ae0dc1b6061,Pengguna Google,https://play-lh.googleusercontent.com/EGemoI2NTXmTsBVtJqk8jxF9rh8ApRWfsIMQSt2uE4OcpQqbFu7f7NbTK05lx80nuSijCz7sc3a277R67g,""semuanya jadi lebih mudah, terimakasih banyak â˜ºï¸âœ¨"",5,0,5.32.1,2025-09-27 00:39:02,,,5.32.1"
36bca7c3-c19a-44cd-8051-4c378e058715,Pengguna Google,https://play-lh.googleusercontent.com/EGemoI2NTXmTsBVtJqk8jxF9rh8ApRWfsIMQSt2uE4OcpQqbFu7f7NbTK05lx80nuSijCz7sc3a277R67g,good,5,0,,2025-09-27 00:37:08,,,
45a093a9-e4a4-4fe2-8634-c58007fe36bc,Pengguna Google,https://play-lh.googleusercontent.com/EGemoI2NTXmTsBVtJqk8jxF9rh8ApRWfsIMQSt2uE4OcpQqbFu7f7NbTK05lx80nuSijCz7sc3a277R67g,""punya apk di perbaikin dong fitur mapny, lokasi jemputnya mana diarahin ke tempat lain bikin orang dimarahin am gojek babi + bikin telat ae"",1,1,5.32.1,2025-09-27 00:32:12,""Hai, Kak @Serr Susu. Pastikan kamu sudah memberikan izin akses lokasi untuk aplikasi Gojek dan update ke versi terbaru, ya. Jika titik jemput masih bermasalah, laporkan melalui halaman Bantuan di aplikasi > ketik """"Rute dari/menuju lokasi titik jemput/antar saya bermasalah"""" > pilih artikel dan isi formulirnya. Kami siap membantu. ^Miko"",2025-09-27 03:23:28,5.32.1"
ae76f101-70c6-4620-8dd2-4ee03ab3f3e1,Pengguna Google,https://play-lh.googleusercontent.com/EGemoI2NTXmTsBVtJqk8jxF9rh8ApRWfsIMQSt2uE4OcpQqbFu7f7NbTK05lx80nuSijCz7sc3a277R67g,jika tidak ada motor di rumah selalu ada gojek yg membantu saya ðŸŒŸ,5,0,5.33.1,2025-09-27 00:25:18,,,5.33.1
4448c9f0-55b6-4f54-88ac-7b950a538d0e,Pengguna Google,https://play-lh.googleusercontent.com/EGemoI2NTXmTsBVtJqk8jxF9rh8ApRWfsIMQSt2uE4OcpQqbFu7f7NbTK05lx80nuSijCz7sc3a277R67g,ok,5,0,5.33.1,2025-09-27 00:22:58,,,5.33.1
98676f5f-0bad-4363-925b-615309bf998a,Pengguna Google,https://play-lh.googleusercontent.com/EGemoI2NTXmTsBVtJqk8jxF9rh8ApRWfsIMQSt2uE4OcpQqbFu7f7NbTK05lx80nuSijCz7sc3a277R67g,memudahkn,4,0,5.32.1,2025-09-27 00:13:10,,,5.32.1
4b8a8a92-ea17-49fb-b856-b4c67b34d75b,Pengguna Google,https://play-lh.googleusercontent.com/EGemoI2NTXmTsBVtJqk8jxF9rh8ApRWfsIMQSt2uE4OcpQqbFu7f7NbTK05lx80nuSijCz7sc3a277R67g,membantu kebutuhan saya,5,0,5.33.1,2025-09-27 00:00:00,,,5.33.1
f3c36b82-31fd-4ded-925b-0a7115b4bc2a,Pengguna Google,https://play-lh.googleusercontent.com/EGemoI2NTXmTsBVtJqk8jxF9rh8ApRWfsIMQSt2uE4OcpQqbFu7f7NbTK05lx80nuSijCz7sc3a277R67g,Gojek mantaap,5,0,5.26.1,2025-09-26 23:56:12,,,5.26.1
a7592276-0264-457b-bc57-be5ebbbf8e21,Pengguna Google,https://play-lh.googleusercontent.com/EGemoI2NTXmTsBVtJqk8jxF9rh8ApRWfsIMQSt2uE4OcpQqbFu7f7NbTK05lx80nuSijCz7sc3a277R67g,GOOD,1,1,,2025-09-26 23:40:27,,,
4838df20-7b95-44d3-804b-6be5987307e8,Pengguna Google,https://play-lh.googleusercontent.com/EGemoI2NTXmTsBVtJqk8jxF9rh8ApRWfsIMQSt2uE4OcpQqbFu7f7NbTK05lx80nuSijCz7sc3a277R67g,bgus nyaman harga terjangkau cepatðŸ¤—,5,0,,2025-09-26 23:37:43,,,
ce6d7356-7cfb-4503-bb0b-30c061b32c3f,Pengguna Google,https://play-lh.googleusercontent.com/EGemoI2NTXmTsBVtJqk8jxF9rh8ApRWfsIMQSt2uE4OcpQqbFu7f7NbTK05lx80nuSijCz7sc3a277R67g,Good app,5,0,5.30.1,2025-09-26 23:25:05,,,5.30.1
08199855-f3f7-46cd-bbc6-a1caa0449c68,Pengguna Google,https://play-lh.googleusercontent.com/EGemoI2NTXmTsBVtJqk8jxF9rh8ApRWfsIMQSt2uE4OcpQqbFu7f7NbTK05lx80nuSijCz7sc3a277R67g,""Tolong sistem aplikasinya di perbaiki, orderan saya di cancel dg oleh beberapa driver,karena cukup lama tidak dapat driver , akhirnya saya batalkan pencairan dan close aplikasi. Tapi kenapa aplikasinya masih melakukan pencairan driver? dan baru respon stlh saya dpt driver dari aplikasi Maxim. di update sistemnya,sistem Canel order jg harus ada saat pencairan driver,jika terlalu lama tidak dapat/tidak di respon (padahal banyak driver ngumpul di 1 titik) maka customer berhak mengcanel order."",1,1,5.32.1,2025-09-26 23:18:15,""Hai Kak Herli, mohon maaf atas ketidaknyamanannya. Laporan yang kamu sampaikan akan menjadi masukan bagi kami untuk terus meningkatkan kualitas layanan kami ke depannya. Kemudian terkait keluhannya, silakan laporkan melalui menu Bantuan di aplikasi Gojek dengan mengetik """"Driver membatalkan pesanan saya"""" pada kolom pencarian ya. ^Miko"",2025-09-27 03:21:36,5.32.1"
"a7e75aca-2468-4ebd-aa6b-611655cf9910,Pengguna Google,https://play-lh.googleusercontent.com/EGemoI2NTXmTsBVtJqk8jxF9rh8ApRWfsIMQSt2uE4OcpQqbFu7f7NbTK05lx80nuSijCz7sc3a277R67g,""keren yaa, apk ini sering saya pakai buat pulang sekolah tapi kalo apk nya tbÂ² eror terpaksa nunggu panas Â² an dan sekolah juga jauh, nyebelin bgt."",5,0,,2025-09-26 23:15:37,,,"
9aa33f9d-8edb-4acd-87c9-518d299ed17e,Pengguna Google,https://play-lh.googleusercontent.com/EGemoI2NTXmTsBVtJqk8jxF9rh8ApRWfsIMQSt2uE4OcpQqbFu7f7NbTK05lx80nuSijCz7sc3a277R67g,alamakkk kenapa gofood minimal belanja potongan ongkir di naikin harus minimal 40 ribu. udah bagus minimal belanja 30 ribu:(,4,0,5.33.1,2025-09-26 22:58:14,,,5.33.1
6a481c6c-8424-4a82-b0d7-83ce55e9b98c,Pengguna Google,https://play-lh.googleusercontent.com/EGemoI2NTXmTsBVtJqk8jxF9rh8ApRWfsIMQSt2uE4OcpQqbFu7f7NbTK05lx80nuSijCz7sc3a277R67g,sangat membantu,4,0,5.20.1,2025-09-26 22:25:43,,,5.20.1
212539bc-6deb-42ca-9eeb-9258be60851f,Pengguna Google,https://play-lh.googleusercontent.com/EGemoI2NTXmTsBVtJqk8jxF9rh8ApRWfsIMQSt2uE4OcpQqbFu7f7NbTK05lx80nuSijCz7sc3a277R67g,nice,5,0,5.33.1,2025-09-26 21:35:17,,,5.33.1
e9d175d7-fe45-4291-99db-114585ba3f22,Pengguna Google,https://play-lh.googleusercontent.com/EGemoI2NTXmTsBVtJqk8jxF9rh8ApRWfsIMQSt2uE4OcpQqbFu7f7NbTK05lx80nuSijCz7sc3a277R67g,OK MANTUL,5,0,5.24.2,2025-09-26 21:25:07,,,5.24.2
069c9d91-7a1c-4f18-80ff-5aa28a4d5654,Pengguna Google,https://play-lh.googleusercontent.com/EGemoI2NTXmTsBVtJqk8jxF9rh8ApRWfsIMQSt2uE4OcpQqbFu7f7NbTK05lx80nuSijCz7sc3a277R67g,""murah, ramah, aman,tepat"",5,0,5.32.1,2025-09-26 21:24:04,,,5.32.1"
68a60d8c-3c4d-45a9-93a4-91f8f231bf2d,Pengguna Google,https://play-lh.googleusercontent.com/EGemoI2NTXmTsBVtJqk8jxF9rh8ApRWfsIMQSt2uE4OcpQqbFu7f7NbTK05lx80nuSijCz7sc3a277R67g,""pelayanan bagus, Alhamdulillah ojolnya sering dapat yang sopan+baik jaga etika..tapi pernah dapat ojol yg aga kurang sopan jadi tolong di pertimbangkan untuk yang ojol kurang sopan nyaðŸ™ðŸ»ðŸ™ðŸ» dan promonya di tingkati lagiðŸ™ðŸ»ðŸ™ðŸ»"",5,0,5.33.1,2025-09-26 21:01:12,,,5.33.1"
349d09e6-798f-4ed5-be34-a16b7e178188,Pengguna Google,https://play-lh.googleusercontent.com/EGemoI2NTXmTsBVtJqk8jxF9rh8ApRWfsIMQSt2uE4OcpQqbFu7f7NbTK05lx80nuSijCz7sc3a277R67g,""untuk gojek, kenapa setiap saya order gofood mapnya selali dibikin jauh ya? sampai saya sering miss komunikasi sama abangnya, dan udah 2 kali saya dpt abang gofood yg kesel perkara nunggu cuma 2 menit, apakah 2 menit itu terlalu lama unt menuggu?"",1,1,5.33.1,2025-09-26 19:15:37,""Hai Kak @S J, mohon maaf atas ketidaknyamanannya. Laporan yang kamu sampaikan akan menjadi masukan bagi kami untuk terus meningkatkan kualitas layanan kami ke depannya. Apabila ada pertanyaan atau keluhan terkait layanan Gojek, silakan laporkan melalui menu Bantuan di aplikasi Gojek agar tim kami bisa bantu cek ya. ^Miko"",2025-09-27 03:19:16,5.33.1"
447bb63b-c69c-4fe3-9d02-d818f5ea9f57,Pengguna Google,https://play-lh.googleusercontent.com/EGemoI2NTXmTsBVtJqk8jxF9rh8ApRWfsIMQSt2uE4OcpQqbFu7f7NbTK05lx80nuSijCz7sc3a277R67g,""Buat yang belum download aplikasi ini, saranku mending aplikasi Gr*b, lucunya aplikasi gojek, meskipun Kamu langganan tapi tetap kena ongkir, kalau Grab pasti free"",1,1,,2025-09-26 19:14:02,,,"
90d36762-d622-4e77-bf2e-f1c1f7cbc756,Pengguna Google,https://play-lh.googleusercontent.com/EGemoI2NTXmTsBVtJqk8jxF9rh8ApRWfsIMQSt2uE4OcpQqbFu7f7NbTK05lx80nuSijCz7sc3a277R67g,cool,5,0,,2025-09-26 19:03:19,,,
48ff2054-57b0-4b69-a0ea-315cd878d5f2,Pengguna Google,https://play-lh.googleusercontent.com/EGemoI2NTXmTsBVtJqk8jxF9rh8ApRWfsIMQSt2uE4OcpQqbFu7f7NbTK05lx80nuSijCz7sc3a277R67g,pelayanan cepat rasanya enak,5,0,,2025-09-26 18:27:47,,,
721b706b-05bd-4de0-8b2f-1b2a3a0fcce6,Pengguna Google,https://play-lh.googleusercontent.com/EGemoI2NTXmTsBVtJqk8jxF9rh8ApRWfsIMQSt2uE4OcpQqbFu7f7NbTK05lx80nuSijCz7sc3a277R67g,sangat manfaat,5,0,,2025-09-26 17:52:58,,,
54c1346b-5877-42d1-b1be-033f9af9c02e,Pengguna Google,https://play-lh.googleusercontent.com/EGemoI2NTXmTsBVtJqk8jxF9rh8ApRWfsIMQSt2uE4OcpQqbFu7f7NbTK05lx80nuSijCz7sc3a277R67g,aplikasi mulai GK jelas,1,1,5.17.1,2025-09-26 17:28:31,,,5.17.1
2d99a63c-b157-4a1b-b503-0ea993fc4e2f,Pengguna Google,https://play-lh.googleusercontent.com/EGemoI2NTXmTsBVtJqk8jxF9rh8ApRWfsIMQSt2uE4OcpQqbFu7f7NbTK05lx80nuSijCz7sc3a277R67g,gojek keren,5,0,5.32.1,2025-09-26 17:24:56,,,5.32.1
e741a094-5031-421c-9d94-52df3ba18a89,Pengguna Google,https://play-lh.googleusercontent.com/EGemoI2NTXmTsBVtJqk8jxF9rh8ApRWfsIMQSt2uE4OcpQqbFu7f7NbTK05lx80nuSijCz7sc3a277R67g,sangat membantu,5,0,,2025-09-26 16:42:14,,,
e179dba3-4db0-4efd-9bd2-5fa171d0a344,Pengguna Google,https://play-lh.googleusercontent.com/EGemoI2NTXmTsBVtJqk8jxF9rh8ApRWfsIMQSt2uE4OcpQqbFu7f7NbTK05lx80nuSijCz7sc3a277R67g,""tolong kasih tau sama CS yg td saya infoin ada masalah di pesanan gofood buat periksa pastiin ke resto, bukan nya di cek malah ngirim jawaban templet, giliran lama pesanan ga jadi2 ilang. tolong kerja yg bener. pesen gofood dua kali lama nya ga wajar di resto, ga bisa chat kmna2, ga bisa batal, tau2 setelah lama batal sendiri toko tutup,"",1,1,5.32.1,2025-09-26 16:31:38,""Hai Kak Alqindy, mohon maaf atas ketidaknyamanannya. Laporan yang kamu sampaikan akan menjadi masukan bagi kami untuk terus meningkatkan kualitas layanan kami ke depannya. Apabila ada pertanyaan atau keluhan terkait layanan Gojek, silakan laporkan melalui menu Bantuan di aplikasi Gojek agar tim kami bisa bantu cek ya. ^Miko"",2025-09-27 02:42:30,5.32.1"
0f7ad850-a668-4b57-bf33-2657df4cc57f,Pengguna Google,https://play-lh.googleusercontent.com/EGemoI2NTXmTsBVtJqk8jxF9rh8ApRWfsIMQSt2uE4OcpQqbFu7f7NbTK05lx80nuSijCz7sc3a277R67g,bagus,5,0,,2025-09-26 15:56:01,,,
ce02d996-69c4-4e57-b452-d211ec769699,Pengguna Google,https://play-lh.googleusercontent.com/EGemoI2NTXmTsBVtJqk8jxF9rh8ApRWfsIMQSt2uE4OcpQqbFu7f7NbTK05lx80nuSijCz7sc3a277R67g,""driver nya ramah,,,enak aja buat ngobrol nya"",5,0,5.33.1,2025-09-26 15:50:32,,,5.33.1"
c98605fc-7ec4-4aed-8506-abf427393534,Pengguna Google,https://play-lh.googleusercontent.com/EGemoI2NTXmTsBVtJqk8jxF9rh8ApRWfsIMQSt2uE4OcpQqbFu7f7NbTK05lx80nuSijCz7sc3a277R67g,kebanyakan driver nya mengecewakan,3,1,5.31.2,2025-09-26 15:45:12,,,5.31.2
253246a8-e8e9-46f4-8b9e-b8993c12f7f4,Pengguna Google,https://play-lh.googleusercontent.com/EGemoI2NTXmTsBVtJqk8jxF9rh8ApRWfsIMQSt2uE4OcpQqbFu7f7NbTK05lx80nuSijCz7sc3a277R67g,apk ribet,1,1,5.33.1,2025-09-26 15:40:02,,,5.33.1
1f34338a-32f5-4e27-b1f9-c45cff0e626d,Pengguna Google,https://play-lh.googleusercontent.com/EGemoI2NTXmTsBVtJqk8jxF9rh8ApRWfsIMQSt2uE4OcpQqbFu7f7NbTK05lx80nuSijCz7sc3a277R67g,sagat puas transaksi cepat no ribet,5,0,5.33.1,2025-09-26 15:39:51,,,5.33.1
a5a0ed0c-faa4-4d8e-b283-69822466c8ed,Pengguna Google,https://play-lh.googleusercontent.com/EGemoI2NTXmTsBVtJqk8jxF9rh8ApRWfsIMQSt2uE4OcpQqbFu7f7NbTK05lx80nuSijCz7sc3a277R67g,""Tolong adakan hapus rekening yang telah ditambahkan, semakin numpuk semakin berantakan, dan ada rekening yang sekiranya sudah tidak aktif atau sudah tidak berhubungan. Udah bertahun2 loh ini tapi fitur ini belum ada, untuk aplikasi sebesar gojek harusnya ini juga jadi perhatian."",1,1,,2025-09-26 15:36:12,""Hai Kak Fadli, mohon maaf atas ketidaknyamanannya. Laporan yang kamu sampaikan akan menjadi masukan bagi kami untuk terus meningkatkan kualitas layanan kami ke depannya. Apabila ada pertanyaan atau keluhan terkait layanan Gojek, silakan laporkan melalui menu Bantuan di aplikasi Gojek agar tim kami bisa bantu cek ya. ^Melisa"",2025-09-26 16:34:34,"
1285f75b-cad5-43b4-a064-da3725d05756,Pengguna Google,https://play-lh.googleusercontent.com/EGemoI2NTXmTsBVtJqk8jxF9rh8ApRWfsIMQSt2uE4OcpQqbFu7f7NbTK05lx80nuSijCz7sc3a277R67g,kenapa sie aneh bgt..mau beli paket atau pulsa tidak sedia semua,1,1,5.33.1,2025-09-26 14:54:12,""Hai Kak Ricko, mohon maaf atas ketidaknyamanannya. Pastikan nomor handphone tujuan valid dan PIN GoPay yang dimasukkan benar. Jika masih berkendala, silakan laporkan melalui menu Bantuan dengan ketik """"Tidak bisa melakukan pembelian GoPulsa"""" pada kolom pencarian. Kami siap membantu. ^Miko"",2025-09-27 02:38:14,5.33.1"
91034fdb-a597-414c-9066-0e1f2ee34054,Pengguna Google,https://play-lh.googleusercontent.com/EGemoI2NTXmTsBVtJqk8jxF9rh8ApRWfsIMQSt2uE4OcpQqbFu7f7NbTK05lx80nuSijCz7sc3a277R67g,suka CPT dpt ordernya,5,0,5.32.1,2025-09-26 14:51:04,,,5.32.1
3a5e5de4-b6b1-4a83-94ca-4e2958db96ed,Pengguna Google,https://play-lh.googleusercontent.com/EGemoI2NTXmTsBVtJqk8jxF9rh8ApRWfsIMQSt2uE4OcpQqbFu7f7NbTK05lx80nuSijCz7sc3a277R67g,saya udah top up. notifikasintransaksi sudah masuk.tp belum muncul di saldo gopay ka,2,1,5.33.1,2025-09-26 14:47:39,""Hai Kak Raden, pastikan nomor tujuan sudah benar, sudah cek halaman Riwayat, dan coba keluar dan masuk kembali ke aplikasi. Jika saldo masih belum masuk, silakan laporkan melalui menu Bantuan > ketik 'Top up GoPay saya belum masuk' > isi formulir. Terima kasih^Melisa"",2025-09-26 15:45:50,5.33.1"
b697d95f-271f-457f-bce7-dc0aaabeafc0,Pengguna Google,https://play-lh.googleusercontent.com/EGemoI2NTXmTsBVtJqk8jxF9rh8ApRWfsIMQSt2uE4OcpQqbFu7f7NbTK05lx80nuSijCz7sc3a277R67g,good job,5,0,,2025-09-26 14:25:36,,,
84e27658-dd1f-482d-8cd0-1c113b9d58fd,Pengguna Google,https://play-lh.googleusercontent.com/EGemoI2NTXmTsBVtJqk8jxF9rh8ApRWfsIMQSt2uE4OcpQqbFu7f7NbTK05lx80nuSijCz7sc3a277R67g,untuk yang gocar harap di kasih edukasi/pencerahan kalau gak niat jadi mitra hemat mending gak usah jdi driver saya nunggu sampai 30 menit gak dateng2 gak lucu kalau memang tidak bisa jemput atau tidak masuk ongkosnya bilang biar langsung di cancel bukan malah diem di tempat gak jalan di chat gak di respot juara mitra apa kayak gtu,2,1,4.88.1,2025-09-26 14:24:04,""Hai Kak Sholeh, mohon maaf atas ketidaknyamanannya. Laporan yang kamu sampaikan akan menjadi masukan bagi kami untuk terus meningkatkan kualitas layanan kami ke depannya. Apabila ada pertanyaan atau keluhan terkait layanan Gojek, silakan laporkan melalui menu Bantuan di aplikasi Gojek agar tim kami bisa bantu cek ya. ^Melisa"",2025-09-26 15:44:26,4.88.1"
0701d96b-aa22-415c-9997-7fd82c3d8056,Pengguna Google,https://play-lh.googleusercontent.com/EGemoI2NTXmTsBVtJqk8jxF9rh8ApRWfsIMQSt2uE4OcpQqbFu7f7NbTK05lx80nuSijCz7sc3a277R67g,driver kebanyakan sopan dan ramah,5,0,5.13.1,2025-09-26 14:09:41,,,5.13.1
35ddcc37-aa30-41f8-a6a7-9ff440d0f0c6,Pengguna Google,https://play-lh.googleusercontent.com/EGemoI2NTXmTsBVtJqk8jxF9rh8ApRWfsIMQSt2uE4OcpQqbFu7f7NbTK05lx80nuSijCz7sc3a277R67g,Gojek mantap,5,0,5.33.1,2025-09-26 14:05:55,,,5.33.1
93cb4345-7840-42da-930b-fb1ee0b06b0a,Pengguna Google,https://play-lh.googleusercontent.com/EGemoI2NTXmTsBVtJqk8jxF9rh8ApRWfsIMQSt2uE4OcpQqbFu7f7NbTK05lx80nuSijCz7sc3a277R67g,""aplikasi ojol paling pelit, paling mencekik. ongkir pembeli mahal. ongkos driver terlalu murah. lah terus kalo orang order duitnya kemana dong? lu makan sendiri? rakus memang lu ya. kerja juga kagak. modal bikin apk doang serakah. org yg kerja lu yg nikmati hasilnya. jahanam bgt lu. makan duit yg bukan hak lu. hati"""" ga berkah hidup lu developer. mau sekaya apapun lu ga bakal pernah puas ga bakal berkah karna lu makan dri duit org"""" yg kerja keras dan lu cuma santai nikmati hasil keringat orang."",1,1,5.26.1,2025-09-26 14:05:22,""Hai Kak @Ex Sty, mohon maaf untuk kendalanya. Laporan yang Anda sampaikan akan menjadi masukan bagi kami untuk terus meningkatkan kualitas layanan kami ke depannya. Jika Anda memiliki pertanyaan atau kendala lainnya, silakan kunjungi menu Bantuan di aplikasi Gojek Driver App Anda. ^Melisa"",2025-09-26 15:43:04,5.26.1"
533bc7d5-042c-484c-ae7e-c54decbc08d4,Pengguna Google,https://play-lh.googleusercontent.com/EGemoI2NTXmTsBVtJqk8jxF9rh8ApRWfsIMQSt2uE4OcpQqbFu7f7NbTK05lx80nuSijCz7sc3a277R67g,mayan,4,0,5.33.1,2025-09-26 13:25:10,,,5.33.1
effaaf2b-cfca-4934-8e97-1375af7387bd,Pengguna Google,https://play-lh.googleusercontent.com/EGemoI2NTXmTsBVtJqk8jxF9rh8ApRWfsIMQSt2uE4OcpQqbFu7f7NbTK05lx80nuSijCz7sc3a277R67g,""yaelah disuruh nunggu sejam kesian loh kalo ad orang yg mesan malam2 buat ke minimarket minimal waktunya 25menit kek atau 18 menit kek klo orang ngespam kirim login, kek gimana yak emang ada yg buka jam 21.00 Alfamart atau Indomaret disuruh nunggu sejam ðŸ˜¹ saran :v waktu tunggu nya jangan berlebihan"",3,1,5.33.1,2025-09-26 13:24:41,""Hai Kak Daniel, mohon maaf atas kendala yang kamu alami. Sebelum login, pastikan kamu udah pakai Gojek versi terbaru & tidak ada kendala pada akun kamu, ya. Untuk info lebih lanjut, silakan ke halaman bantuan login di aplikasi dengan cara klik ikon """"?"""" > pilih """"Tidak bisa masuk ke akun Gojek"""" > pilih """"Saya mendapatkan notifikasi eror"""". ^Melisa"",2025-09-26 15:35:14,5.33.1"
eb2ee16c-89c1-47a2-bebd-d708c01b4a73,Pengguna Google,https://play-lh.googleusercontent.com/EGemoI2NTXmTsBVtJqk8jxF9rh8ApRWfsIMQSt2uE4OcpQqbFu7f7NbTK05lx80nuSijCz7sc3a277R67g,untuk akurasi pada apk maps nya tolong di perbaiki. soalnya tidak sesuai dengan google maps. nama jalan di maps gojek tidak sesuai dengan nama asli jalan nya.,1,1,5.33.1,2025-09-26 13:09:15,""Hai, Kak Chaizal. Pastikan kamu sudah memberikan izin akses lokasi untuk aplikasi Gojek dan update ke versi terbaru, ya. Jika titik masih bermasalah, laporkan melalui halaman Bantuan di aplikasi > ketik """"Titik jemput/antar tidak akurat"""" > pilih artikel dan isi formulirnya. Kami siap membantu. ^Melisa"",2025-09-26 15:33:51,5.33.1"
52d36d89-c69c-4c78-8a2a-619b2b4278ee,Pengguna Google,https://play-lh.googleusercontent.com/EGemoI2NTXmTsBVtJqk8jxF9rh8ApRWfsIMQSt2uE4OcpQqbFu7f7NbTK05lx80nuSijCz7sc3a277R67g,pesan makanan lama banget gara gara gojeknya doang ga dapetÂ²,1,1,5.33.1,2025-09-26 13:05:05,""Mohon maaf atas kendalanya, Kak Nabil. Kesulitan mendapatkan driver bisa terjadi karena tingginya permintaan saat jam sibuk atau tidak ada driver di sekitar. Silakan tunggu dan coba kembali. Untuk info lebih lanjut, kunjungi menu Bantuan dan cari artikel """"Saya tidak mendapatkan driver"""". ^Melisa"",2025-09-26 15:32:27,5.33.1"
4448a79d-5793-46f5-ba70-48ad483cacd7,Pengguna Google,https://play-lh.googleusercontent.com/EGemoI2NTXmTsBVtJqk8jxF9rh8ApRWfsIMQSt2uE4OcpQqbFu7f7NbTK05lx80nuSijCz7sc3a277R67g,aplikasi busuk susaah dapet driver taiiiii,1,1,5.32.1,2025-09-26 12:59:50,""Mohon maaf atas kendalanya, Kak Alfajar. Kesulitan mendapatkan driver bisa terjadi karena tingginya permintaan saat jam sibuk atau tidak ada driver di sekitar. Silakan tunggu dan coba kembali. Untuk info lebih lanjut, kunjungi menu Bantuan dan cari artikel """"Saya tidak mendapatkan driver"""". ^Melisa"",2025-09-26 15:31:25,5.32.1"
9c90ed44-a4f3-4cf0-b6e1-c91323fd82c4,Pengguna Google,https://play-lh.googleusercontent.com/EGemoI2NTXmTsBVtJqk8jxF9rh8ApRWfsIMQSt2uE4OcpQqbFu7f7NbTK05lx80nuSijCz7sc3a277R67g,Memudahkan....sipp,5,0,,2025-09-26 12:59:44,,,
fe8e1926-4ac4-4674-b837-892e39bd357f,Pengguna Google,https://play-lh.googleusercontent.com/EGemoI2NTXmTsBVtJqk8jxF9rh8ApRWfsIMQSt2uE4OcpQqbFu7f7NbTK05lx80nuSijCz7sc3a277R67g,membantu,5,0,5.33.1,2025-09-26 12:54:10,,,5.33.1
d4a42cbf-2464-41f6-b4cc-ccbdfbdc76ea,Pengguna Google,https://play-lh.googleusercontent.com/EGemoI2NTXmTsBVtJqk8jxF9rh8ApRWfsIMQSt2uE4OcpQqbFu7f7NbTK05lx80nuSijCz7sc3a277R67g,""Tolong untuk driver pengantar GoFood bisa diperhatikan lagi, sudah beberapa kali makanan saya pesan, sudah nunggu lama, tetapi tidak ada driver yang mengantar."",4,0,5.33.1,2025-09-26 12:39:54,,,5.33.1"
242a6b28-a7a3-41d0-8e5d-b7d58ff07786,Pengguna Google,https://play-lh.googleusercontent.com/EGemoI2NTXmTsBVtJqk8jxF9rh8ApRWfsIMQSt2uE4OcpQqbFu7f7NbTK05lx80nuSijCz7sc3a277R67g,ok mantap,5,0,,2025-09-26 12:36:52,,,
27a8e182-a270-4de6-a624-9af391108c1c,Pengguna Google,https://play-lh.googleusercontent.com/EGemoI2NTXmTsBVtJqk8jxF9rh8ApRWfsIMQSt2uE4OcpQqbFu7f7NbTK05lx80nuSijCz7sc3a277R67g,good,5,0,5.33.1,2025-09-26 12:30:37,,,5.33.1
29f01c01-2ea1-4982-b850-da03147163d7,Pengguna Google,https://play-lh.googleusercontent.com/EGemoI2NTXmTsBVtJqk8jxF9rh8ApRWfsIMQSt2uE4OcpQqbFu7f7NbTK05lx80nuSijCz7sc3a277R67g,sangat berguna,5,0,5.33.1,2025-09-26 12:27:50,,,5.33.1
018e4efe-15be-44c7-b080-c4bafd61c9d6,Pengguna Google,https://play-lh.googleusercontent.com/EGemoI2NTXmTsBVtJqk8jxF9rh8ApRWfsIMQSt2uE4OcpQqbFu7f7NbTK05lx80nuSijCz7sc3a277R67g,driver yg berpengalaman sopan rute terbaik pokoknya the best lah buat gojek,5,0,5.32.1,2025-09-26 12:17:21,,,5.32.1
16ce3a7d-24f5-4583-b25a-7a762483e8b6,Pengguna Google,https://play-lh.googleusercontent.com/EGemoI2NTXmTsBVtJqk8jxF9rh8ApRWfsIMQSt2uE4OcpQqbFu7f7NbTK05lx80nuSijCz7sc3a277R67g,sangat membantu,5,0,5.32.1,2025-09-26 12:13:32,,,5.32.1
6b05bc14-b296-492d-a201-3493654d2051,Pengguna Google,https://play-lh.googleusercontent.com/EGemoI2NTXmTsBVtJqk8jxF9rh8ApRWfsIMQSt2uE4OcpQqbFu7f7NbTK05lx80nuSijCz7sc3a277R67g,""gojek makin bobrok aplikasinya,"",2,2,5.32.1,2025-09-26 12:07:46,,,5.32.1"
29a4edad-bab2-489e-b08f-1274257341f6,Pengguna Google,https://play-lh.googleusercontent.com/EGemoI2NTXmTsBVtJqk8jxF9rh8ApRWfsIMQSt2uE4OcpQqbFu7f7NbTK05lx80nuSijCz7sc3a277R67g,""gw ada saran, ga tau di denger atau engga. but ini menurut gw bagus banget buat prevent order fiktif. tambahin fitur auth angka kyk yang di aplikasi luar. jadi si user nanti pas pesen dapet angka yang bisa digunain buat autentikasi orderan ke driver dan disisi driver nanti bakal ngetikin angka dari user buat verifikasi. jadi gaperlu sebut nama pemesan lagi, cukup kode nya aja. kalo misal kodenya ga valid sampe beberapa kali, dianggap orderan tersebut gagal."",4,0,5.33.1,2025-09-26 12:00:47,,,5.33.1"
4b81e500-9026-4684-83d9-f9849ca81662,Pengguna Google,https://play-lh.googleusercontent.com/EGemoI2NTXmTsBVtJqk8jxF9rh8ApRWfsIMQSt2uE4OcpQqbFu7f7NbTK05lx80nuSijCz7sc3a277R67g,senang sekali memakai apk gojek,5,0,5.31.2,2025-09-26 11:50:51,,,5.31.2
8b5535bc-16fc-4988-8ae0-d1d599975c9b,Pengguna Google,https://play-lh.googleusercontent.com/EGemoI2NTXmTsBVtJqk8jxF9rh8ApRWfsIMQSt2uE4OcpQqbFu7f7NbTK05lx80nuSijCz7sc3a277R67g,""1x dikecewain gosend, bisa2nya salah kirim padahal biasanya lancar jaya... mungkin lagi oleng itu si bapak driver. Selebihnya aman banget... udah dicoba semua dari mulai gofood, gomart, goshop, goride, gocar, top up, tarik tunai(pake aplikasi gopay).. ga ada masalah..."",5,0,5.33.1,2025-09-26 11:49:47,,,5.33.1"
83a23639-5846-48d5-9dab-e3df84929ce1,Pengguna Google,https://play-lh.googleusercontent.com/EGemoI2NTXmTsBVtJqk8jxF9rh8ApRWfsIMQSt2uE4OcpQqbFu7f7NbTK05lx80nuSijCz7sc3a277R67g,""drivernya lambat semua buat ngejemput customer, nunggu 10 menit bahkan 15 menit dan gada hasilnua"",1,1,5.32.1,2025-09-26 11:28:51,""Hai Kak Nauval, mohon maaf atas ketidaknyamanannya. Agar dapat dibantu lebih lanjut, silakan laporkan melalui menu Bantuan (pada menu Profil Saya) di aplikasi Gojek dengan mengetik """"Driver menjemput terlalu lama"""" pada kolom pencarian. Semoga informasi ini membantu kamu. ^Melisa"",2025-09-26 12:51:39,5.32.1"
2db9d3f8-cb04-4520-95ae-92eec52af954,Pengguna Google,https://play-lh.googleusercontent.com/EGemoI2NTXmTsBVtJqk8jxF9rh8ApRWfsIMQSt2uE4OcpQqbFu7f7NbTK05lx80nuSijCz7sc3a277R67g,ok,5,0,,2025-09-26 11:17:37,,,
cd823864-f30b-4898-a5db-7adba3a96a26,Pengguna Google,https://play-lh.googleusercontent.com/EGemoI2NTXmTsBVtJqk8jxF9rh8ApRWfsIMQSt2uE4OcpQqbFu7f7NbTK05lx80nuSijCz7sc3a277R67g,g bisa pke go food. error terus tulisannya rame yg make.,1,1,5.19.2,2025-09-26 11:14:17,""Mohon maaf atas kendala yang dialami, Kak. Sebelum bertransaksi, pastikan sinyal internet bagus dan sudah pakai aplikasi Gojek versi terbaru, ya. Jika masih berkendala, laporkan melalui halaman Bantuan di aplikasi > ketik """"Tidak dapat melakukan pemesanan"""" di kolom pencarian > pilih artikel dan lengkapi formulirnya. Kami siap membantu. ^Melisa"",2025-09-26 12:50:39,5.19.2"
d9029569-16e8-4dff-a54b-e351cf6d7735,Pengguna Google,https://play-lh.googleusercontent.com/EGemoI2NTXmTsBVtJqk8jxF9rh8ApRWfsIMQSt2uE4OcpQqbFu7f7NbTK05lx80nuSijCz7sc3a277R67g,ðŸ˜ðŸ˜,5,0,4.33.1,2025-09-26 11:08:24,""Hai Wiwiek, mohon maaf untuk kendalanya. Mohon pastikan sinyal internet kamu stabil, aktifkan App Permission/Izinkan Aplikasi dan logout kemudian login kembali."
407fac04-3ff6-4dc7-9925-ab2c9b9de660,Pengguna Google,https://play-lh.googleusercontent.com/EGemoI2NTXmTsBVtJqk8jxF9rh8ApRWfsIMQSt2uE4OcpQqbFu7f7NbTK05lx80nuSijCz7sc3a277R67g,""akan saya ubah bintangnya kalau komplenan sya yg soal driver gojek maki2 dan ngomong kasar ke konsumen tdi siang itu di tindak lanjuti, driver emosian pdhl customer GK salah apa2 ,apa lgi kasar dan ngomong kirang ajar di depan skolah Islam dan di depan anak2 kecil. miris driver GK ada adab bisa lolos JD driver gojek. pdhl udah langganan gojek dr lama tp Bru kali ini nemuin driver bgtu astaghfirullah sampe trauma takut nemuin lgi yg driver modelan bgtuðŸ™‚â€â†•ï¸ðŸ˜ŒðŸ¥¹"",1,0,,2025-03-06 12:02:17,""Hai Kak Yayu, mohon maaf atas ketidaknyamanannya. Jika kamu masih mengalami kendala, silakan laporkan melalui email ke customerservice@gojek.com dengan melampirkan kode psr-25-065-1316-20582 pada subject email dan cantumkan nomor laporan kamu sebelumnya pada email yang kamu kirimkan. Kami tunggu detail laporan kamu ya. ^Melisa"",2025-03-06 13:16:30,"
Jika masih mengalami kendala, silakan laporkan detailnya melalui email ke customerservice@go-jek.com dan mencantumkan kode psr-21-348-0658-18728 pada subjek email. ^Viska"",2021-12-14 06:56:37,4.33.1"
75d57b59-39f1-4e95-977e-6d7a9674a31c,Pengguna Google,https://play-lh.googleusercontent.com/EGemoI2NTXmTsBVtJqk8jxF9rh8ApRWfsIMQSt2uE4OcpQqbFu7f7NbTK05lx80nuSijCz7sc3a277R67g,pokoknya best,5,0,5.30.1,2025-09-26 11:07:07,,,5.30.1
cdf92d43-b59d-448c-89b6-39114d0a445a,Pengguna Google,https://play-lh.googleusercontent.com/EGemoI2NTXmTsBVtJqk8jxF9rh8ApRWfsIMQSt2uE4OcpQqbFu7f7NbTK05lx80nuSijCz7sc3a277R67g,""pelanggan membayar tarif 18ribu, tp yg di terima driver 6ribu. sangat sangat biadab"",1,1,,2025-09-26 11:04:53,""Hai Kak Basyirudin, mohon maaf untuk kendalanya. Laporan yang Anda sampaikan akan menjadi masukan bagi kami untuk terus meningkatkan kualitas layanan kami ke depannya. Jika Anda memiliki pertanyaan atau kendala lainnya, silakan kunjungi menu Bantuan di aplikasi Gojek Driver App Anda. ^Melisa"",2025-09-26 12:48:56,"
bb19b775-04aa-45c8-a355-46497c6e9e52,Pengguna Google,https://play-lh.googleusercontent.com/EGemoI2NTXmTsBVtJqk8jxF9rh8ApRWfsIMQSt2uE4OcpQqbFu7f7NbTK05lx80nuSijCz7sc3a277R67g,""konsumen order instan, kenapa dijadikan multi-instan? alhirnya harus menunggu lebih lama. karna gojek nya harus nyari 1 lagi biar sekalian jalanðŸ˜­"",1,1,5.32.1,2025-09-26 10:50:21,""Hai Kak Arif, mohon maaf atas ketidaknyamanannya. Laporan yang kamu sampaikan akan menjadi masukan bagi kami untuk terus meningkatkan kualitas layanan kami ke depannya. Kemudian terkait keluhannya, silakan laporkan melalui menu Bantuan di aplikasi Gojek dengan mengetik """"Saya menunggu pengiriman terlalu lama"""" pada kolom pencarian ya. ^Melisa"",2025-09-26 12:47:27,5.32.1"
1a0d2888-58cb-4f37-9ffd-139f875d9886,Pengguna Google,https://play-lh.googleusercontent.com/EGemoI2NTXmTsBVtJqk8jxF9rh8ApRWfsIMQSt2uE4OcpQqbFu7f7NbTK05lx80nuSijCz7sc3a277R67g,Terima kasih Gojek ðŸŽ­,5,0,,2025-09-26 10:45:25,,,
f6da5fb8-c0c1-478a-a260-4f61648bff5f,Pengguna Google,https://play-lh.googleusercontent.com/EGemoI2NTXmTsBVtJqk8jxF9rh8ApRWfsIMQSt2uE4OcpQqbFu7f7NbTK05lx80nuSijCz7sc3a277R67g,oke susah daptar nya..sudah lebih puluhan kali..di upload belum beres juga.,3,0,3.29.1,2025-09-26 10:38:58,""Mohon maaf atas kendalanya, Kak Hendi. Untuk mendapatkan kode OTP saat registrasi aplikasi Gojek, tunggu setidaknya 30 detik sampai kode OTP dikirimkan, pastikan nomor yang kamu daftarkan di aplikasi Gojek aktif dan bisa menerima SMS. Semoga informasi kami bisa membantu. ^Melisa"",2025-09-26 12:45:47,3.29.1"
154cd171-79e7-45d6-8f8c-ba5d72ddb50e,Pengguna Google,https://play-lh.googleusercontent.com/EGemoI2NTXmTsBVtJqk8jxF9rh8ApRWfsIMQSt2uE4OcpQqbFu7f7NbTK05lx80nuSijCz7sc3a277R67g,""hapus aja aplikasi lu, lama amat dapat gojeknya"",1,1,5.32.1,2025-09-26 10:34:38,""Mohon maaf atas kendalanya, Kak Teguh. Kesulitan mendapatkan driver bisa terjadi karena tingginya permintaan saat jam sibuk atau tidak ada driver di sekitar. Silakan tunggu dan coba kembali. Untuk info lebih lanjut, kunjungi menu Bantuan dan cari artikel """"Saya tidak mendapatkan driver"""". ^Melisa"",2025-09-26 12:44:08,5.32.1"
a61b2ba0-ad65-4c3e-84f3-9dbcef7649eb,Pengguna Google,https://play-lh.googleusercontent.com/EGemoI2NTXmTsBVtJqk8jxF9rh8ApRWfsIMQSt2uE4OcpQqbFu7f7NbTK05lx80nuSijCz7sc3a277R67g,di gojek bayak promo,5,0,5.29.2,2025-09-26 10:18:41,,,5.29.2
88e02122-8ba7-4892-ab86-256a6aef0860,Pengguna Google,https://play-lh.googleusercontent.com/EGemoI2NTXmTsBVtJqk8jxF9rh8ApRWfsIMQSt2uE4OcpQqbFu7f7NbTK05lx80nuSijCz7sc3a277R67g,promonya sudah makin dikit niyyy,4,0,5.33.1,2025-09-26 10:10:02,,,5.33.1
d94bc791-6093-4fef-a0e0-3c96e5a16316,Pengguna Google,https://play-lh.googleusercontent.com/EGemoI2NTXmTsBVtJqk8jxF9rh8ApRWfsIMQSt2uE4OcpQqbFu7f7NbTK05lx80nuSijCz7sc3a277R67g,mantul,5,0,5.20.1,2025-09-26 09:59:39,,,5.20.1
cf102e56-e129-4a76-9ce1-faabf9a68c70,Pengguna Google,https://play-lh.googleusercontent.com/EGemoI2NTXmTsBVtJqk8jxF9rh8ApRWfsIMQSt2uE4OcpQqbFu7f7NbTK05lx80nuSijCz7sc3a277R67g,ini kenapa gabisa beli pulsa ya,5,0,5.33.1,2025-09-26 09:53:48,,,5.33.1
288692f7-bf48-464e-ba8f-498a2dc4d391,Pengguna Google,https://play-lh.googleusercontent.com/EGemoI2NTXmTsBVtJqk8jxF9rh8ApRWfsIMQSt2uE4OcpQqbFu7f7NbTK05lx80nuSijCz7sc3a277R67g,""topup status berhasil tapi duit ga masuk dihubungi susah , dasar maling"",1,1,,2025-09-26 09:53:23,""Hai Kak Jaka, pastikan nomor tujuan sudah benar, sudah cek halaman Riwayat, dan coba keluar dan masuk kembali ke aplikasi. Jika saldo masih belum masuk, silakan laporkan melalui menu Bantuan > ketik 'Top up GoPay saya belum masuk' > isi formulir. Terima kasih.^Melisa"",2025-09-26 12:42:55,"
6f9d6eb8-27e7-489e-af08-a8cfb14d3619,Pengguna Google,https://play-lh.googleusercontent.com/EGemoI2NTXmTsBVtJqk8jxF9rh8ApRWfsIMQSt2uE4OcpQqbFu7f7NbTK05lx80nuSijCz7sc3a277R67g,terus integrasi hilirisasi seluruh layanan domestik maupun internasional yang ada saat ini menjadi satu,5,0,5.33.1,2025-09-26 09:46:33,,,5.33.1
a3862148-4e10-43bf-ab29-061fd9bfd14e,Pengguna Google,https://play-lh.googleusercontent.com/EGemoI2NTXmTsBVtJqk8jxF9rh8ApRWfsIMQSt2uE4OcpQqbFu7f7NbTK05lx80nuSijCz7sc3a277R67g,joooosss,5,0,5.32.1,2025-09-26 09:45:44,,,5.32.1
c33a35c5-b1c4-4991-8396-39ba739a5ae1,Pengguna Google,https://play-lh.googleusercontent.com/EGemoI2NTXmTsBVtJqk8jxF9rh8ApRWfsIMQSt2uE4OcpQqbFu7f7NbTK05lx80nuSijCz7sc3a277R67g,hari ini tanggal 26 september 2025 jam 14.20 di depan suprmarkt superindo pdk lebak bulus jakarta selatan tolong itu manajemen gojek indonesia diajarkan kembali sopan santun ke mitra driver motor nya hari di depan supermarket dekat pdk lebak bulus ada motor driver kondisi jalan raya cukup ramai itu motor dari sebelah kiri jalan tiba tiba akan belok kanan ke arah komplek adhiyaksa lebak bulus saya tidak klakson apa apa tapi mobil yang klaksonin MALAH SAYA DIKATAIN MONYET SAMA ITU DRIVER GOJEK,1,1,4.51.1,2025-09-26 09:41:49,""Hai Kak Fadhil, mohon maaf atas ketidaknyamanannya. Laporan yang kamu sampaikan akan menjadi masukan bagi kami untuk terus meningkatkan kualitas layanan kami ke depannya. Kemudian terkait keluhannya, silakan laporkan melalui menu Bantuan di aplikasi Gojek dengan mengetik """"Driver kurang sopan"""" pada kolom pencarian ya. ^Miko"",2025-09-26 08:21:36,4.51.1"
6700573d-783c-4f24-ac89-0821ed33cda8,Pengguna Google,https://play-lh.googleusercontent.com/EGemoI2NTXmTsBVtJqk8jxF9rh8ApRWfsIMQSt2uE4OcpQqbFu7f7NbTK05lx80nuSijCz7sc3a277R67g,menarik,5,0,5.32.1,2025-09-26 09:24:59,,,5.32.1
990501c6-6690-414e-b0df-6eacd8f5f86a,Pengguna Google,https://play-lh.googleusercontent.com/EGemoI2NTXmTsBVtJqk8jxF9rh8ApRWfsIMQSt2uE4OcpQqbFu7f7NbTK05lx80nuSijCz7sc3a277R67g,""BAGUS BANGET, DRIVER NYA BAIK POL"",5,0,5.26.1,2025-09-26 09:22:09,,,5.26.1"
72970556-294e-4079-8346-2b60064c19e5,Pengguna Google,https://play-lh.googleusercontent.com/EGemoI2NTXmTsBVtJqk8jxF9rh8ApRWfsIMQSt2uE4OcpQqbFu7f7NbTK05lx80nuSijCz7sc3a277R67g,sippp dehhh,5,0,5.32.1,2025-09-26 09:04:33,,,5.32.1
47c22339-a559-4f0f-9e6c-95b3be9d4724,Pengguna Google,https://play-lh.googleusercontent.com/EGemoI2NTXmTsBVtJqk8jxF9rh8ApRWfsIMQSt2uE4OcpQqbFu7f7NbTK05lx80nuSijCz7sc3a277R67g,mantap,5,0,5.32.1,2025-09-26 09:04:15,,,5.32.1
3923d7ae-a6fe-4e64-a9d9-57c71d76772f,Pengguna Google,https://play-lh.googleusercontent.com/EGemoI2NTXmTsBVtJqk8jxF9rh8ApRWfsIMQSt2uE4OcpQqbFu7f7NbTK05lx80nuSijCz7sc3a277R67g,gojek sangat membantu hanya saja banyak juga gojek yang tidak ada respon semoga lebih baik lagi ke depannya terimakasih,4,0,5.32.1,2025-09-26 08:54:39,,,5.32.1
ba7055a1-ff0a-4d22-afbe-3164afeda19b,Pengguna Google,https://play-lh.googleusercontent.com/EGemoI2NTXmTsBVtJqk8jxF9rh8ApRWfsIMQSt2uE4OcpQqbFu7f7NbTK05lx80nuSijCz7sc3a277R67g,hari ini tumben sy dpet gojek yg ga punya adab..jdi sy pesen gojek tapi gojek yg sy pesan TDK ada respon(chat sy)..dn posisi gojek juga ga gerak.. akhirnya sy cancel dn sy minta anter anak..bgtu kami mo brangkt gojek Dateng sambil bentak2 sy..knpa dicancel dan tetep ngamuk2 dng kalimat yg ga jlas.. KLO posisi gojek gerak ato ga dia chat sy blng tunggu psti sy tunggu..ini udh mo hujan sy butuh cepat.. sy ga pernah ketemu gojek yg model gini asli kasar bngt,3,1,5.33.1,2025-09-26 08:54:10,""Hai Kak Nia, mohon maaf atas ketidaknyamanannya. Laporan yang kamu sampaikan akan menjadi masukan bagi kami untuk terus meningkatkan kualitas layanan kami ke depannya. Kemudian terkait keluhannya, silakan laporkan melalui menu Bantuan di aplikasi Gojek dengan mengetik """"Driver kurang sopan"""" pada kolom pencarian ya. ^Melisa"",2025-09-26 12:40:07,5.33.1"
37baa5a9-7612-4468-97cc-987ecd9235e4,Pengguna Google,https://play-lh.googleusercontent.com/EGemoI2NTXmTsBVtJqk8jxF9rh8ApRWfsIMQSt2uE4OcpQqbFu7f7NbTK05lx80nuSijCz7sc3a277R67g,ongkos,1,0,5.32.1,2025-09-26 08:41:49,,,5.32.1
ba5aa55a-4571-435b-9027-a09ded7e60b6,Pengguna Google,https://play-lh.googleusercontent.com/EGemoI2NTXmTsBVtJqk8jxF9rh8ApRWfsIMQSt2uE4OcpQqbFu7f7NbTK05lx80nuSijCz7sc3a277R67g,""mantap, kasih driver yg terdekat."",5,0,5.32.1,2025-09-26 08:16:23,,,5.32.1"
9f4ebe69-34a5-4d2a-8528-15a7fe70b199,Pengguna Google,https://play-lh.googleusercontent.com/EGemoI2NTXmTsBVtJqk8jxF9rh8ApRWfsIMQSt2uE4OcpQqbFu7f7NbTK05lx80nuSijCz7sc3a277R67g,""saya diintimidasi driver gojek. dia bilang dia tahu rumah, tempat kerja dan akun saya. karena dibilang beri laporan sehingga dia kena sanksi padahal SAYA TIDAK PERNAH KIRIM LAPORAN. LAIN KALI BERI INFO YANG JELAS KEPADA DRIVER ALASAN DIA DISANKSI SUPAYA CUSTOMER TIDAK DIPERSALAHKAN. sebagai perempuan, saya merasa tidak aman. saya berencana tutup akun gojek sebagai penyelesaian. tks. ðŸ™"",1,1,5.32.1,2025-09-26 07:57:46,""Hai Kak Anas, mohon maaf atas ketidaknyamanannya. Laporan yang kamu sampaikan akan menjadi masukan bagi kami untuk terus meningkatkan kualitas layanan kami ke depannya. Kemudian terkait keluhan yang kakak alami, silakan laporkan melalui menu Bantuan di aplikasi Gojek agar tim kami bisa bantu cek lebih lanjut ya. ^Miko"",2025-09-26 01:06:11,5.32.1"
94af6287-3faf-473b-8b56-325d2ccbcd89,Pengguna Google,https://play-lh.googleusercontent.com/EGemoI2NTXmTsBVtJqk8jxF9rh8ApRWfsIMQSt2uE4OcpQqbFu7f7NbTK05lx80nuSijCz7sc3a277R67g,okok,5,0,5.32.1,2025-09-26 07:53:28,,,5.32.1
1d9be71c-4c33-4e76-9990-822d082c4de2,Pengguna Google,https://play-lh.googleusercontent.com/EGemoI2NTXmTsBVtJqk8jxF9rh8ApRWfsIMQSt2uE4OcpQqbFu7f7NbTK05lx80nuSijCz7sc3a277R67g,""udah mesan go food, pesanan udah status lagi di siapkan resto, udah lama menunggu, sampai 2 jam ee malah di cancel sama gojek nya.. ini buat asam kumat aja"",1,1,5.33.1,2025-09-26 07:39:27,""Hai Kak Agusman, mohon maaf atas ketidaknyamanannya. Laporan yang kamu sampaikan akan menjadi masukan bagi kami untuk terus meningkatkan kualitas layanan kami ke depannya. Kemudian terkait keluhan yang kakak alami, silakan laporkan melalui menu Bantuan di aplikasi Gojek agar tim kami bisa bantu cek lebih lanjut ya. ^Miko"",2025-09-26 08:23:24,5.33.1"
6d04908a-30be-47e1-81d2-3c9bd3bb0094,Pengguna Google,https://play-lh.googleusercontent.com/EGemoI2NTXmTsBVtJqk8jxF9rh8ApRWfsIMQSt2uE4OcpQqbFu7f7NbTK05lx80nuSijCz7sc3a277R67g,gojek emang hebat,5,0,,2025-09-26 07:38:58,,,
25be7e57-09e9-4ee6-a199-7b3f5a1808f0,Pengguna Google,https://play-lh.googleusercontent.com/EGemoI2NTXmTsBVtJqk8jxF9rh8ApRWfsIMQSt2uE4OcpQqbFu7f7NbTK05lx80nuSijCz7sc3a277R67g,ngebug mau login gabisa payahh,1,1,5.33.1,2025-09-26 07:33:58,""Hai Kak @Nailaanandaa, mohon maaf atas kendala yang kamu alami. Sebelum login, pastikan kamu udah pakai Gojek versi terbaru & tidak ada kendala pada akun kamu, ya. Untuk info lebih lanjut, silakan ke halaman bantuan login di aplikasi dengan cara klik ikon """"?"""" > pilih """"Tidak bisa masuk ke akun Gojek"""" > pilih """"Saya mendapatkan notifikasi eror"""". ^Miko"",2025-09-26 08:18:34,5.33.1"
324f012b-a3e1-490e-a5c3-1854c17e899f,Pengguna Google,https://play-lh.googleusercontent.com/EGemoI2NTXmTsBVtJqk8jxF9rh8ApRWfsIMQSt2uE4OcpQqbFu7f7NbTK05lx80nuSijCz7sc3a277R67g,mudah digunakan,5,0,5.32.1,2025-09-26 07:28:05,,,5.32.1
b5b16d94-d2aa-4388-857d-31e0f27d6f6b,Pengguna Google,https://play-lh.googleusercontent.com/EGemoI2NTXmTsBVtJqk8jxF9rh8ApRWfsIMQSt2uE4OcpQqbFu7f7NbTK05lx80nuSijCz7sc3a277R67g,makanan nya sering tidak layak makan kdang dana di kembalikan kandang dana tidak dikembalikan heran kenapa klo tidak ad stok yg baru harusnya penjual tidak usah kirim batalin aja buat rugi dan kecewa pembeli .,1,1,5.32.1,2025-09-26 06:57:46,""Hai Kak @sayang 11, mohon maaf atas kendala yang kamu alami karena pesanan yang diterima dalam kondisi mengecewakan."
Mohon laporkan hal ini kepada kami melalui halaman Bantuan di aplikasi Gojek > ketik """"Kualitas makanan kurang baik"""" pada kolom pencarian > pilih artikel dan klik tombol yang tersedia di bawah """"Masih memerlukan bantuan?"""". ^Miko"",2025-09-26 08:14:53,5.32.1"
e2b16731-b364-4e01-9989-9f56f8e6da65,Pengguna Google,https://play-lh.googleusercontent.com/EGemoI2NTXmTsBVtJqk8jxF9rh8ApRWfsIMQSt2uE4OcpQqbFu7f7NbTK05lx80nuSijCz7sc3a277R67g,mantap,5,0,5.33.1,2025-09-26 06:56:22,,,5.33.1
f205c100-9703-4c90-95e1-fcd37eb84eb3,Pengguna Google,https://play-lh.googleusercontent.com/EGemoI2NTXmTsBVtJqk8jxF9rh8ApRWfsIMQSt2uE4OcpQqbFu7f7NbTK05lx80nuSijCz7sc3a277R67g,drivernya maling duit jir ðŸ¤­,1,1,,2025-09-26 06:53:23,""Hai Kak Nasywa, mohon maaf atas ketidaknyamanannya. Laporan yang kamu sampaikan akan menjadi masukan bagi kami untuk terus meningkatkan kualitas layanan kami ke depannya. Kemudian terkait keluhan yang kakak alami, silakan laporkan melalui menu Bantuan di aplikasi Gojek agar tim kami bisa bantu cek lebih lanjut ya. ^Miko"",2025-09-26 08:09:43,"
fbd3e629-c4a8-4270-8e6d-f5774a840199,Pengguna Google,https://play-lh.googleusercontent.com/EGemoI2NTXmTsBVtJqk8jxF9rh8ApRWfsIMQSt2uE4OcpQqbFu7f7NbTK05lx80nuSijCz7sc3a277R67g,banyak promo,5,0,5.33.1,2025-09-26 06:41:11,,,5.33.1
3f87efcc-3136-4c01-8cdd-93090375f82d,Pengguna Google,https://play-lh.googleusercontent.com/EGemoI2NTXmTsBVtJqk8jxF9rh8ApRWfsIMQSt2uE4OcpQqbFu7f7NbTK05lx80nuSijCz7sc3a277R67g,""Salah satu moda transportasi andalan di kota saya, Malang, Jatim"",5,0,5.29.2,2025-09-26 06:40:00,,,5.29.2"
725419c6-7b19-439f-a36c-afd03f8a1458,Pengguna Google,https://play-lh.googleusercontent.com/EGemoI2NTXmTsBVtJqk8jxF9rh8ApRWfsIMQSt2uE4OcpQqbFu7f7NbTK05lx80nuSijCz7sc3a277R67g,gojek aplikasi besar klau kasih paylatter yg konsisten lah..saya dah lama pakai ini aplikasi..tiba tiba kena review pay latter nya..pdhal brusaha slalu lancar bayar..kmrin sudah bisa kembali digunakan paylatter nya..pas mau di pakai di blokir lagi..saran saya klau dah kga mau kasih paylatter hapus aj..dan kga usa kasih lagi..saya masi ada pay latter lain nya kok..jgn bikin bete pelangan lah,2,2,5.32.1,2025-09-26 06:31:27,""Hai Kak Syahrul, mohon maaf atas ketidaknyamanan yang kamu alami terkait GoPay Later. Agar masalahnya dapat segera kami bantu, silakan ceritakan lebih lanjut kepada kami melalui email ke support@mab.co.id dan cantumkan kode psr-24-308-0821-45451 di subjek email, ya. ^Miko"",2024-11-03 08:21:58,5.32.1"
89c74c1-ab01-4931-9258-8555ecd4d4fb,Pengguna Google,https://play-lh.googleusercontent.com/EGemoI2NTXmTsBVtJqk8jxF9rh8ApRWfsIMQSt2uE4OcpQqbFu7f7NbTK05lx80nuSijCz7sc3a277R67g,good,5,0,5.32.1,2025-09-26 06:27:15,,,5.32.1
42f55157-ee8f-4ba4-85c9-3c1c4b87cd3b,Pengguna Google,https://play-lh.googleusercontent.com/EGemoI2NTXmTsBVtJqk8jxF9rh8ApRWfsIMQSt2uE4OcpQqbFu7f7NbTK05lx80nuSijCz7sc3a277R67g,""mending pake aplikasi sebelah, update mulu promo kaga ada"",1,1,5.32.1,2025-09-26 06:21:56,""Hai Kak Lukman, mohon maaf atas ketidaknyamanannya. Mengenai promo mengikuti syarat dan ketentuan yang berlaku ya. Apabila kamu mengalami keluhan, silakan laporkan melalui menu Bantuan di aplikasi Gojek atau GoPay agar tim kami bisa bantu cek ya. Kami tunggu detail permasalahannya. ^Miko"",2025-09-26 06:47:12,5.32.1"
1de07db9-7476-4832-bbda-1bc91a7f2538,Pengguna Google,https://play-lh.googleusercontent.com/EGemoI2NTXmTsBVtJqk8jxF9rh8ApRWfsIMQSt2uE4OcpQqbFu7f7NbTK05lx80nuSijCz7sc3a277R67g,SERING LEMOT ! PAYAH,3,0,5.18.2,2025-09-26 06:08:02,""Hai Kak, mohon maaf atas kendalanya. Pastikan kamu sudah menggunakan aplikasi Gojek versi terbaru, ya. Jika masih berkendala, silakan laporkan melalui halaman Bantuan > ketik """"Kendala tampilan dan notifikasi"""" di kolom pencarian > pilih artikel dan lengkapi formulirnya. Kami siap membantu. ^Miko"",2025-09-26 06:45:13,5.18.2"
a418251b-84bf-417c-9f03-1b97a64c57c1,Pengguna Google,https://play-lh.googleusercontent.com/EGemoI2NTXmTsBVtJqk8jxF9rh8ApRWfsIMQSt2uE4OcpQqbFu7f7NbTK05lx80nuSijCz7sc3a277R67g,""Smoga bnyk org yg baca. â— JGN melihat rating resto cm dr segi rataÂ² rating ya gais, tapi baca dari reviewnya. Karena driver tu mendominasi performa rating resto, tapi tdk menyebutkan alasannya knp menilai buruk ttg resto. Karena bnyk pemilik resto kerja sambilan menjadi driver dan tidak bertanggungjawab dg rating yg mereka berikan ke resto saingan bisnisnya. hanya untuk menjatuhkan saingannya yang sesama pemilik resto. DEAR pihak GOJEK, saya kira perlu diperbaiki ttg kebijakan ratingnya. trims"",5,13,4.29.1,2025-09-26 06:06:02,""Hai Aulia Zahra, terima kasih atas ulasanmu dan mohon maaf atas kendalanya. Laporan yang kamu sampaikan akan menjadi masukan bagi kami untuk terus meningkatkan kualitas layanan kami ke depannya. Jika kamu memiliki pertanyaan atau kendala lainnya, silakan kunjungi menu Bantuan di aplikasi GoBiz kamu. ^Meta"",2022-08-13 01:57:26,4.29.1"
66cf9f48-cea0-454e-8e67-a91c85c6356d,Pengguna Google,https://play-lh.googleusercontent.com/EGemoI2NTXmTsBVtJqk8jxF9rh8ApRWfsIMQSt2uE4OcpQqbFu7f7NbTK05lx80nuSijCz7sc3a277R67g,sangat membantu,5,0,5.32.1,2025-09-26 05:58:19,,,5.32.1
8f77729a-ef42-46b8-b94d-667955ce82d4,Pengguna Google,https://play-lh.googleusercontent.com/EGemoI2NTXmTsBVtJqk8jxF9rh8ApRWfsIMQSt2uE4OcpQqbFu7f7NbTK05lx80nuSijCz7sc3a277R67g,lambat.,1,1,5.33.1,2025-09-26 05:49:37,""Hai Kak Matheus, mohon maaf atas kendalanya. Pastikan kamu sudah menggunakan aplikasi Gojek versi terbaru, ya. Jika masih berkendala, silakan laporkan melalui halaman Bantuan > ketik """"Kendala tampilan dan notifikasi"""" di kolom pencarian > pilih artikel dan lengkapi formulirnya. Kami siap membantu. ^Miko"",2025-09-26 06:42:46,5.33.1"
343e4fde-5306-4994-9e44-727b88adbf6d,Pengguna Google,https://play-lh.googleusercontent.com/EGemoI2NTXmTsBVtJqk8jxF9rh8ApRWfsIMQSt2uE4OcpQqbFu7f7NbTK05lx80nuSijCz7sc3a277R67g,membantu sekali,5,0,5.33.1,2025-09-26 05:47:00,,,5.33.1
e36e90e0-98ba-4a7e-b127-90ef642f58cc,Pengguna Google,https://play-lh.googleusercontent.com/EGemoI2NTXmTsBVtJqk8jxF9rh8ApRWfsIMQSt2uE4OcpQqbFu7f7NbTK05lx80nuSijCz7sc3a277R67g,mantap banget aplikasi gojek ini,5,0,5.33.1,2025-09-26 05:46:35,,,5.33.1
c7cffbe3-1f4f-4054-b8fe-c5ecb127bd23,Pengguna Google,https://play-lh.googleusercontent.com/EGemoI2NTXmTsBVtJqk8jxF9rh8ApRWfsIMQSt2uE4OcpQqbFu7f7NbTK05lx80nuSijCz7sc3a277R67g,""Pelayanan CS nya lambatt, atas nama ellen, saya udh buat lapotan bantuan tapi udah 10 menit gak ada respon apa apa"",1,1,5.32.1,2025-09-26 05:42:23,""Mohon maaf atas kendalanya, Kak Anggaryani. Kesulitan mendapatkan driver bisa terjadi karena tingginya permintaan saat jam sibuk atau tidak ada driver di sekitar. Silakan tunggu dan coba kembali. Untuk info lebih lanjut, kunjungi menu Bantuan dan cari artikel """"Saya tidak mendapatkan driver"""". ^Melisa"",2025-09-18 15:43:28,5.32.1"
58330cd4-89b0-4422-9728-69da0296bece,Pengguna Google,https://play-lh.googleusercontent.com/EGemoI2NTXmTsBVtJqk8jxF9rh8ApRWfsIMQSt2uE4OcpQqbFu7f7NbTK05lx80nuSijCz7sc3a277R67g,apikasi sampah,1,1,5.32.1,2025-09-26 05:09:44,,,5.32.1
f6a32c9e-02c2-4f7f-8a66-c4496f09813a,Pengguna Google,https://play-lh.googleusercontent.com/EGemoI2NTXmTsBVtJqk8jxF9rh8ApRWfsIMQSt2uE4OcpQqbFu7f7NbTK05lx80nuSijCz7sc3a277R67g,untuk titik kordinat tidak akurat jika tidak di atur . dn gara2 itu sya jdi cekcok ketika pesan gofood krna titiknya terlalu jauh . tolong untuk d perbaiki agar yg awam seperti saya atau bagi orng yg pertama pakai lbh mudah lgi untuk menentuan titik kordinat secara otomatis .,1,1,5.27.2,2025-09-26 05:08:43,""Hai, Kak @Mr . A. Pastikan kamu sudah memberikan izin akses lokasi untuk aplikasi Gojek dan update ke versi terbaru, ya. Jika titik jemput masih bermasalah, laporkan melalui halaman Bantuan di aplikasi > ketik """"Rute dari/menuju lokasi titik jemput/antar saya bermasalah"""" > pilih artikel dan isi formulirnya. Kami siap membantu. ^Miko"",2025-09-26 06:40:24,5.27.2"
0a58eeea-cb0c-49df-8c65-c2a57433aa74,Pengguna Google,https://play-lh.googleusercontent.com/EGemoI2NTXmTsBVtJqk8jxF9rh8ApRWfsIMQSt2uE4OcpQqbFu7f7NbTK05lx80nuSijCz7sc3a277R67g,oke,5,0,5.33.1,2025-09-26 05:03:34,,,5.33.1
fe2b01c6-058c-4f0f-bcb9-8a00b5fd8d41,Pengguna Google,https://play-lh.googleusercontent.com/EGemoI2NTXmTsBVtJqk8jxF9rh8ApRWfsIMQSt2uE4OcpQqbFu7f7NbTK05lx80nuSijCz7sc3a277R67g,""APL GAJELAS , MASA GW GAPESEN APA APA TB"""" DTG MKNAN"",1,1,5.33.1,2025-09-26 04:58:01,""Hai Kak Yoga, mohon maaf atas ketidaknyamanannya. Terkait laporanmu, silakan laporkan melalui menu Bantuan (pada menu Profil Saya) di aplikasi Gojek dengan mengetik """"Melaporkan transaksi yang tidak dikenal"""" di kolom pencarian > isi form yang ada di artikel. Kami akan membantumu. ^Miko"",2025-09-26 06:38:38,5.33.1"
0eee528e-cca7-4799-be8f-46d2ccf1d984,Pengguna Google,https://play-lh.googleusercontent.com/EGemoI2NTXmTsBVtJqk8jxF9rh8ApRWfsIMQSt2uE4OcpQqbFu7f7NbTK05lx80nuSijCz7sc3a277R67g,mantab semua tersedia,5,0,5.32.1,2025-09-26 04:49:07,,,5.32.1
28f4f2a3-9228-4501-bdb2-e9c75b4ab9e8,Pengguna Google,https://play-lh.googleusercontent.com/EGemoI2NTXmTsBVtJqk8jxF9rh8ApRWfsIMQSt2uE4OcpQqbFu7f7NbTK05lx80nuSijCz7sc3a277R67g,ðŸ‘Ž,1,1,4.15.1,2025-09-26 04:42:29,,,4.15.1
2ca0e8ef-2edb-447a-90a6-e8c6f1da992f,Pengguna Google,https://play-lh.googleusercontent.com/EGemoI2NTXmTsBVtJqk8jxF9rh8ApRWfsIMQSt2uE4OcpQqbFu7f7NbTK05lx80nuSijCz7sc3a277R67g,kendaraannya bersih,5,1,5.33.1,2025-09-26 04:41:27,,,5.33.1
790f73e4-a693-42e1-a86c-b3a770a833cc,Pengguna Google,https://play-lh.googleusercontent.com/EGemoI2NTXmTsBVtJqk8jxF9rh8ApRWfsIMQSt2uE4OcpQqbFu7f7NbTK05lx80nuSijCz7sc3a277R67g,bagus,5,0,5.32.1,2025-09-26 04:35:44,,,5.32.1
c078b1ab-d28b-4bb4-999d-ce95a70616bc,Pengguna Google,https://play-lh.googleusercontent.com/EGemoI2NTXmTsBVtJqk8jxF9rh8ApRWfsIMQSt2uE4OcpQqbFu7f7NbTK05lx80nuSijCz7sc3a277R67g,ngebantu buat pulang atau berangkat aktivitas,5,1,5.32.1,2025-09-26 04:21:08,,,5.32.1
823d3c03-276d-43f5-abf0-4218c5406537,Pengguna Google,https://play-lh.googleusercontent.com/EGemoI2NTXmTsBVtJqk8jxF9rh8ApRWfsIMQSt2uE4OcpQqbFu7f7NbTK05lx80nuSijCz7sc3a277R67g,bagus,5,0,5.31.2,2025-09-26 04:07:25,,,5.31.2
2d950e64-aaa7-4f89-adce-0cca4248dbd6,Pengguna Google,https://play-lh.googleusercontent.com/EGemoI2NTXmTsBVtJqk8jxF9rh8ApRWfsIMQSt2uE4OcpQqbFu7f7NbTK05lx80nuSijCz7sc3a277R67g,ok nyaman,5,0,5.33.1,2025-09-26 04:07:19,,,5.33.1
bcbb31d8-1664-489d-bcfb-b10e95da231d,Pengguna Google,https://play-lh.googleusercontent.com/EGemoI2NTXmTsBVtJqk8jxF9rh8ApRWfsIMQSt2uE4OcpQqbFu7f7NbTK05lx80nuSijCz7sc3a277R67g,Good,5,0,5.32.1,2025-09-26 03:38:27,,,5.32.1
835c410b-3f29-4946-bdbe-2c6803a25039,Pengguna Google,https://play-lh.googleusercontent.com/EGemoI2NTXmTsBVtJqk8jxF9rh8ApRWfsIMQSt2uE4OcpQqbFu7f7NbTK05lx80nuSijCz7sc3a277R67g,bagus pelayanan sopan. tepat dan komunikasi baik. semoga rejeki nya dilancarkan sehat sell,5,1,5.32.1,2025-09-26 03:24:34,,,5.32.1
9361f8da-a534-4a2a-8e27-a02225820d46,Pengguna Google,https://play-lh.googleusercontent.com/EGemoI2NTXmTsBVtJqk8jxF9rh8ApRWfsIMQSt2uE4OcpQqbFu7f7NbTK05lx80nuSijCz7sc3a277R67g,""Atribut, Disiplin & System Cermin Kwalitas. Apk jasa SANGAT TERPERCAYA, terbaik di Indonesia."",5,1,,2025-09-26 03:22:34,,,"
751c3abb-e586-4bda-98dc-22e1f2f22caa,Pengguna Google,https://play-lh.googleusercontent.com/EGemoI2NTXmTsBVtJqk8jxF9rh8ApRWfsIMQSt2uE4OcpQqbFu7f7NbTK05lx80nuSijCz7sc3a277R67g,goodðŸ‘ðŸ»ðŸ‘ðŸ»,5,0,5.32.1,2025-09-26 03:07:49,,,5.32.1
85c66df7-6ae4-4e74-aed9-fbd8cce705b2,Pengguna Google,https://play-lh.googleusercontent.com/EGemoI2NTXmTsBVtJqk8jxF9rh8ApRWfsIMQSt2uE4OcpQqbFu7f7NbTK05lx80nuSijCz7sc3a277R67g,super mantapp,5,0,5.31.2,2025-09-26 02:32:53,,,5.31.2
7ef768cb-f306-4b2b-91f0-08ff1128279c,Pengguna Google,https://play-lh.googleusercontent.com/EGemoI2NTXmTsBVtJqk8jxF9rh8ApRWfsIMQSt2uE4OcpQqbFu7f7NbTK05lx80nuSijCz7sc3a277R67g,the best,5,0,5.33.1,2025-09-26 02:31:44,,,5.33.1
cf4dc11a-167c-4dad-bead-f2848f49131f,Pengguna Google,https://play-lh.googleusercontent.com/EGemoI2NTXmTsBVtJqk8jxF9rh8ApRWfsIMQSt2uE4OcpQqbFu7f7NbTK05lx80nuSijCz7sc3a277R67g,aman dan nyaman,5,0,5.32.1,2025-09-26 02:27:28,,,5.32.1
91801ad7-6dc6-4157-bb17-7e69b19ca1ad,Pengguna Google,https://play-lh.googleusercontent.com/EGemoI2NTXmTsBVtJqk8jxF9rh8ApRWfsIMQSt2uE4OcpQqbFu7f7NbTK05lx80nuSijCz7sc3a277R67g,terimakasih sudah anter depan rumah,5,0,5.14.2,2025-09-26 02:17:13,,,5.14.2
3326fad3-d374-42ce-96ef-0858cef93d4f,Pengguna Google,https://play-lh.googleusercontent.com/EGemoI2NTXmTsBVtJqk8jxF9rh8ApRWfsIMQSt2uE4OcpQqbFu7f7NbTK05lx80nuSijCz7sc3a277R67g,produk nya jelek enggak jelas banget besok jadi kepala baagi uang yang banyak jangan tidur terlalu banyak nongkrong,1,1,,2025-09-26 02:16:47,,,
56c7bce7-6cb6-4200-8ce2-62c251193b31,Pengguna Google,https://play-lh.googleusercontent.com/EGemoI2NTXmTsBVtJqk8jxF9rh8ApRWfsIMQSt2uE4OcpQqbFu7f7NbTK05lx80nuSijCz7sc3a277R67g,""bikin kode pake go transite sulit amat. harus menghidupkan GPS , seharusnya tinggal ketik stasiun ke stasiun . kalo waktu mepet gak bisa cetak cepat."",1,1,5.32.1,2025-09-26 02:00:42,,,5.32.1"
f21f0b91-b2a5-40af-9274-107c0b24df0e,Pengguna Google,https://play-lh.googleusercontent.com/EGemoI2NTXmTsBVtJqk8jxF9rh8ApRWfsIMQSt2uE4OcpQqbFu7f7NbTK05lx80nuSijCz7sc3a277R67g,""gojek lebih murah dibanding aplkasi lain,cepat dan bagus"",5,0,5.28.2,2025-09-26 01:43:31,,,5.28.2"
332d6fd4-c03b-4a64-9d3c-fc5cbac0a43a,Pengguna Google,https://play-lh.googleusercontent.com/EGemoI2NTXmTsBVtJqk8jxF9rh8ApRWfsIMQSt2uE4OcpQqbFu7f7NbTK05lx80nuSijCz7sc3a277R67g,""dari kemaren saya order tapi cari supir ga ada,,, sampe hari ini,,,,!!!!! ngabisin quota ngabisin batre,,!!!"",3,1,4.94.2,2025-09-26 01:24:19,""Mohon maaf atas kendalanya, Kak Qeey. Kesulitan mendapatkan driver bisa terjadi karena meningkatnya jumlah pesanan di jam sibuk, atau tidak ada driver di dekat titik penjemputan. Mohon menunggu beberapa saat dan coba kembali, ya. Jika ada pertanyaan lain, silakan kunjungi menu Bantuan pada aplikasi Gojek-mu, ya. ^Miko"",2025-09-26 04:07:09,4.94.2"
52a606e2-9eb1-43f9-9b6c-5f966c32b250,Pengguna Google,https://play-lh.googleusercontent.com/EGemoI2NTXmTsBVtJqk8jxF9rh8ApRWfsIMQSt2uE4OcpQqbFu7f7NbTK05lx80nuSijCz7sc3a277R67g,driver ramah,5,0,5.32.1,2025-09-26 01:14:55,,,5.32.1
a5a6e067-732b-4ad7-bd41-d5da90788a31,Pengguna Google,https://play-lh.googleusercontent.com/EGemoI2NTXmTsBVtJqk8jxF9rh8ApRWfsIMQSt2uE4OcpQqbFu7f7NbTK05lx80nuSijCz7sc3a277R67g,""kalau pesan gofood nyari drivernya sudah bgt, udah hampir dua jam nunggu"",3,1,5.32.1,2025-09-26 01:14:53,""Mohon maaf atas kendalanya, Kak Annisa. Kesulitan mendapatkan driver bisa terjadi karena meningkatnya jumlah pesanan di jam sibuk, atau tidak ada driver di dekat titik penjemputan. Mohon menunggu beberapa saat dan coba kembali, ya. Jika ada pertanyaan lain, silakan kunjungi menu Bantuan pada aplikasi Gojek-mu, ya. ^Miko"",2025-09-26 04:05:41,5.32.1"
00d4105c-3af0-4bfc-a892-d08f6e882ba1,Pengguna Google,https://play-lh.googleusercontent.com/EGemoI2NTXmTsBVtJqk8jxF9rh8ApRWfsIMQSt2uE4OcpQqbFu7f7NbTK05lx80nuSijCz7sc3a277R67g,oke bagus,5,0,5.32.1,2025-09-26 01:07:12,,,5.32.1
9654276c-bc7d-4480-b864-48fb2ae436bd,Pengguna Google,https://play-lh.googleusercontent.com/EGemoI2NTXmTsBVtJqk8jxF9rh8ApRWfsIMQSt2uE4OcpQqbFu7f7NbTK05lx80nuSijCz7sc3a277R67g,kereen ðŸ‘,5,0,5.33.1,2025-09-26 00:49:20,,,5.33.1
9f95f51c-e581-4a88-98c2-95538d531851,Pengguna Google,https://play-lh.googleusercontent.com/EGemoI2NTXmTsBVtJqk8jxF9rh8ApRWfsIMQSt2uE4OcpQqbFu7f7NbTK05lx80nuSijCz7sc3a277R67g,bagus,5,0,5.32.1,2025-09-26 00:18:23,,,5.32.1
e465dcf4-9fe5-4eab-8d11-a13f4f523a2c,Pengguna Google,https://play-lh.googleusercontent.com/EGemoI2NTXmTsBVtJqk8jxF9rh8ApRWfsIMQSt2uE4OcpQqbFu7f7NbTK05lx80nuSijCz7sc3a277R67g,aplikasi mudah nyaman,5,0,5.32.1,2025-09-26 00:15:21,,,5.32.1
"d3569999-f33f-454c-9389-8d68e89d63d0,Pengguna Google,https://play-lh.googleusercontent.com/EGemoI2NTXmTsBVtJqk8jxF9rh8ApRWfsIMQSt2uE4OcpQqbFu7f7NbTK05lx80nuSijCz7sc3a277R67g,udah w minggu gak bisa buat transaksi apa2,1,1,5.33.1,2025-09-26 00:08:01,""Mohon maaf atas kendalanya, Kak Lenny. Terkait hal ini, pastikan akun GoPay kamu tidak sedang dibekukan. Jika masih tidak bisa, silakan laporkan dengan login ke aplikasi Gojek > ke Halaman Bantuan > cari artikel """"Saya tidak dapat menggunakan GoPay"""" di kolom bantuan > isi formulir di artikel. Kami akan membantu kamu. ^Miko"",2025-09-26 01:02:53,5.33.1"
fe2a3598-644e-46bb-9056-370657df1dca,Pengguna Google,https://play-lh.googleusercontent.com/EGemoI2NTXmTsBVtJqk8jxF9rh8ApRWfsIMQSt2uE4OcpQqbFu7f7NbTK05lx80nuSijCz7sc3a277R67g,Pelayanan baik dan aman.,5,0,5.26.1,2025-09-25 23:55:36,,,5.26.1
a504d33e-78d2-4d89-bd3f-65bce1c1d2ac,Pengguna Google,https://play-lh.googleusercontent.com/EGemoI2NTXmTsBVtJqk8jxF9rh8ApRWfsIMQSt2uE4OcpQqbFu7f7NbTK05lx80nuSijCz7sc3a277R67g,Good Aplikasi...sdh menjadi langganan pakai gojek. sering2 ya ksh promo..ðŸ˜,5,0,,2025-09-25 23:50:46,,,
53a6986f-e9f1-4755-a662-4a3627e4e9f8,Pengguna Google,https://play-lh.googleusercontent.com/EGemoI2NTXmTsBVtJqk8jxF9rh8ApRWfsIMQSt2uE4OcpQqbFu7f7NbTK05lx80nuSijCz7sc3a277R67g,kenapa nggak bisa upragade,5,0,,2025-09-25 23:49:27,,,
4afb0594-ab8c-469a-b698-223b0e0157ec,Pengguna Google,https://play-lh.googleusercontent.com/EGemoI2NTXmTsBVtJqk8jxF9rh8ApRWfsIMQSt2uE4OcpQqbFu7f7NbTK05lx80nuSijCz7sc3a277R67g,tolong berikan aku promo agar bisa memakai aplikasi kedepannya,5,0,5.32.1,2025-09-25 23:42:28,,,5.32.1
ceff4c04-f06b-4be9-8290-780708227ccf,Pengguna Google,https://play-lh.googleusercontent.com/EGemoI2NTXmTsBVtJqk8jxF9rh8ApRWfsIMQSt2uE4OcpQqbFu7f7NbTK05lx80nuSijCz7sc3a277R67g,""gojek suka aneh,kalo ngasih driver suka jauh dari titik jemput,bikin makan waktu kalo lagi buru buru"",3,1,5.33.1,2025-09-25 23:18:57,""Hai Kak Syfa, mohon maaf atas ketidaknyamanannya. Laporan yang kamu sampaikan akan menjadi masukan bagi kami untuk terus meningkatkan kualitas layanan kami ke depannya. Apabila ada pertanyaan atau keluhan terkait layanan Gojek, silakan laporkan melalui menu Bantuan di aplikasi Gojek agar tim kami bisa bantu cek ya. ^Miko"",2025-09-26 01:00:49,5.33.1"


45805d39-ddcf-4566-9508-830a746f5874,Pengguna Google,https://play-lh.googleusercontent.com/EGemoI2NTXmTsBVtJqk8jxF9rh8ApRWfsIMQSt2uE4OcpQqbFu7f7NbTK05lx80nuSijCz7sc3a277R67g,josjis,5,0,5.31.2,2025-09-19 09:26:44,,,5.31.2
45805d39-ddcf-4566-9508-830a746f5874,Pengguna Google,https://play-lh.googleusercontent.com/EGemoI2NTXmTsBVtJqk8jxF9rh8ApRWfsIMQSt2uE4OcpQqbFu7f7NbTK05lx80nuSijCz7sc3a277R67g,josjis,5,0,5.31.2,2025-09-19 09:26:44,,,5.31.2